feature_id,inventory_origin,source_sequence,source_row_number,source_feature,proposed_browser_module,concrete_user_workflow,dependencies_uncertainties,scope_status,evidence_level,source_url,source_retrieved_date,source_basic,source_silver,source_gold
MARG-001,edition_matrix,1,1,Inventory Management,Inventory,"Create items; receive, reserve, issue and inspect stock movements with balances.",Item/unit/location masters; precise reservation and valuation policies need agreement.,preserved_in_scope,vendor_matrix; workflow is proposed interpretation,https://margcompusoft.com/marg-features.html,2026-09-24,included,included,included
MARG-002,edition_matrix,2,2,Multi Store Management (Godown Management),Warehouses and stores,"Create godowns; receive, sell and transfer goods by location; compare availability.",Locations are distinct from legal companies and GST registrations; transfer valuation needs examples.,preserved_in_scope,vendor_matrix; workflow is proposed interpretation,https://margcompusoft.com/marg-features.html,2026-09-24,excluded,included,included
MARG-003,edition_matrix,3,3,Sales / Purchase Invoice,Sales and purchasing,Create sale and supplier invoices; calculate totals; post linked stock and account effects.,"Party/item/rate/tax masters; cash/credit, numbering and document corrections need explicit examples.",preserved_in_scope,vendor_matrix; workflow is proposed interpretation,https://margcompusoft.com/marg-features.html,2026-09-24,included,included,included
MARG-004,edition_matrix,4,4,Sales Order / Purchase Order & Challan Entry (Delivery Challan) Management,Orders and fulfilment,Record sales/PO commitments; release delivery challans; receive or invoice selected quantities.,"Partial completion, cancellations and multiple orders per invoice need acceptance examples.",preserved_in_scope,vendor_matrix; workflow is proposed interpretation,https://margcompusoft.com/marg-features.html,2026-09-24,included,included,included
MARG-005,edition_matrix,5,5,Counter Sale Entry & Temporary Purchase Entry,Counter and provisional entry,Record fast counter sales and provisional purchases; complete reviewed records later.,Define stock/account impact before finalization and distinguish provisional from posted documents.,preserved_in_scope,vendor_matrix; workflow is proposed interpretation,https://margcompusoft.com/marg-features.html,2026-09-24,included,included,included
MARG-006,edition_matrix,6,6,Sale / Purchase Brk/Exp Return & Replacement Issue / Receive Management,Returns and replacements,Receive customer breakage/expiry returns; return to suppliers; issue or receive replacements.,Original invoice/batch links; commercial versus tax adjustment; fresh versus scrap stock.,preserved_in_scope,vendor_matrix; workflow is proposed interpretation,https://margcompusoft.com/marg-features.html,2026-09-24,included,included,included
MARG-007,edition_matrix,7,7,Price Difference Sale / Purchase Management,Price adjustments,Create sale/purchase price-difference adjustments referencing affected documents.,"Rate basis, quantities, free goods and tax treatment need reviewed examples.",preserved_in_scope,vendor_matrix; workflow is proposed interpretation,https://margcompusoft.com/marg-features.html,2026-09-24,included,included,included
MARG-008,edition_matrix,8,8,Conversion Entry Management,Inventory conversion,Convert one stock form/unit or item into another and inspect resulting quantities.,"Vendor label is broad; confirm packing/unpacking, conversion ratios, wastage and costing behavior.",preserved_in_scope,vendor_matrix; workflow is proposed interpretation,https://margcompusoft.com/marg-features.html,2026-09-24,excluded,included,included
MARG-009,edition_matrix,9,9,Purchase Indent & Quotation Entry Management,Procurement requests and quotes,Raise purchase indents; collect supplier quotes; compare and convert accepted quantities to orders.,"Quote versioning, approval and links to purchase orders require workflow validation.",preserved_in_scope,vendor_matrix; workflow is proposed interpretation,https://margcompusoft.com/marg-features.html,2026-09-24,excluded,included,included
MARG-010,edition_matrix,10,10,Consignment Issue & Receive Management,Consignment,"Issue or receive goods on consignment; record ownership, settlements and unsold returns.",Distinguish custody from ownership and tax points; source label alone does not specify settlement rules.,preserved_in_scope,vendor_matrix; workflow is proposed interpretation,https://margcompusoft.com/marg-features.html,2026-09-24,excluded,included,included
MARG-011,edition_matrix,11,11,All Inventory Voucher,Inventory vouchers,"Record stock receipts, issues, transfers and adjustments with reason and supporting documents.",Exact voucher catalogue and posting rules need specimen transactions; avoid collapsing distinct movements.,preserved_in_scope,vendor_matrix; workflow is proposed interpretation,https://margcompusoft.com/marg-features.html,2026-09-24,excluded,included,included
MARG-012,edition_matrix,12,12,Secondary Stock Management,Secondary stock,Maintain and reconcile secondary stock records alongside main stock views.,Meaning of secondary stock is unverified; may differ from channel secondary sales; retain separate requirement.,preserved_in_scope,vendor_matrix; workflow is proposed interpretation,https://margcompusoft.com/marg-features.html,2026-09-24,included,included,included
MARG-013,edition_matrix,13,13,"Default Discount / Maximum/ Minimum Discount Management Party, Item, Company Wise, etc.",Discount controls,"Set default/minimum/maximum discounts by party, item and manufacturer/company; apply and review overrides.","Precedence, stacking, effective dates and override authority need agreement.",preserved_in_scope,vendor_matrix; workflow is proposed interpretation,https://margcompusoft.com/marg-features.html,2026-09-24,excluded,included,included
MARG-014,edition_matrix,14,14,Alternet /Parameter/Substitute wise Searching system,Catalogue search,"Find products by name, parameters, alternatives and configured substitutes; select a permitted result.",Curated substitute mappings and vertical-specific constraints; medicinal equivalence cannot be assumed.,preserved_in_scope,vendor_matrix; workflow is proposed interpretation,https://margcompusoft.com/marg-features.html,2026-09-24,excluded,included,included
MARG-015,edition_matrix,15,15,Item wise Goods Account (Item Wise Trading A/c Management),Item trading accounts,"Inspect purchases, sales, margins and balances for an item's trading account.","Define cost valuation, return treatment and links between item accounts and general ledger.",preserved_in_scope,vendor_matrix; workflow is proposed interpretation,https://margcompusoft.com/marg-features.html,2026-09-24,included,included,included
MARG-016,edition_matrix,16,16,Pharmacy H1 & Narcotics Reports's,Pharmacy statutory registers,Capture required medicine/prescriber/patient/sale details and produce H1/narcotics register views.,"Current jurisdiction rules, privacy and retention need specialist review; not a complete clinical system.",preserved_in_scope,vendor_matrix; workflow is proposed interpretation,https://margcompusoft.com/marg-features.html,2026-09-24,included,included,included
MARG-017,edition_matrix,17,17,Item Wise Manufacturing Date,Batch manufacture dates,Record manufacturing dates on relevant item batches and show them in movement history.,Clarify item default versus batch-specific dates and required date precision.,preserved_in_scope,vendor_matrix; workflow is proposed interpretation,https://margcompusoft.com/marg-features.html,2026-09-24,included,included,included
MARG-018,edition_matrix,18,18,Item Wise Expiry Date,Batch expiry dates,Capture expiry dates; filter sale selection and display expiry status.,"Expiry interpretation, permissions and handling of month-only dates require explicit rules.",preserved_in_scope,vendor_matrix; workflow is proposed interpretation,https://margcompusoft.com/marg-features.html,2026-09-24,included,included,included
MARG-019,edition_matrix,19,19,Expiry Stock Reports,Expiry monitoring,"Inspect near-expiry/expired stock by store, batch and supplier; prepare return candidates.",Configurable horizons and provenance; a report does not itself approve disposal or credit.,preserved_in_scope,vendor_matrix; workflow is proposed interpretation,https://margcompusoft.com/marg-features.html,2026-09-24,included,included,included
MARG-020,edition_matrix,20,20,Ask Bags wise Qty. in Sale/Purchase/Both for Krishi Mandi etc.,Mandi bag quantities,Enter bag counts and quantity/weight per bag during sale and purchase; calculate totals.,"Commodity/unit rules, variable bag weights and tare handling need actual mandi examples.",preserved_in_scope,vendor_matrix; workflow is proposed interpretation,https://margcompusoft.com/marg-features.html,2026-09-24,excluded,included,included
MARG-021,edition_matrix,21,21,Ask Item wise Expenses for Krishi Mandi etc.,Mandi line expenses,"Allocate item-level loading, commission or other mandi expenses while buying/selling.","Expense ownership, taxable treatment and landed-cost allocation require local business rules.",preserved_in_scope,vendor_matrix; workflow is proposed interpretation,https://margcompusoft.com/marg-features.html,2026-09-24,excluded,included,included
MARG-022,edition_matrix,22,22,Print Shortage Item Detail in Bill,Shortage on documents,"Print ordered, fulfilled and shortage quantities on invoices or related documents.",Shortage definitions and customer-visible formatting must match partial fulfilment.,preserved_in_scope,vendor_matrix; workflow is proposed interpretation,https://margcompusoft.com/marg-features.html,2026-09-24,included,included,included
MARG-023,edition_matrix,23,23,Advance Rate Management (Rate Add/Less on F6 Key and other key),Interactive rate controls,Increase/decrease item rates from a browser action or shortcut and show recalculated totals.,Preserve F6-style speed through configurable safe keys; permissions and rounding need examples.,preserved_in_scope,vendor_matrix; workflow is proposed interpretation,https://margcompusoft.com/marg-features.html,2026-09-24,excluded,included,included
MARG-024,edition_matrix,24,24,Separator Batch Maintain e.g. @#*,Batch separators,Capture and search batch identifiers containing meaningful separators without losing identity.,Meaning of source symbols @/#/* is unverified; obtain batch examples and search behavior.,preserved_in_scope,vendor_matrix; workflow is proposed interpretation,https://margcompusoft.com/marg-features.html,2026-09-24,included,included,included
MARG-025,edition_matrix,25,25,Separator Batch Split Auto/Sami/Manual 2nd etc..,Batch splitting,"Split required quantities among batches automatically, with confirmation, or manually.","Verify source auto/semi/manual semantics, selection rules and lot traceability.",preserved_in_scope,vendor_matrix; workflow is proposed interpretation,https://margcompusoft.com/marg-features.html,2026-09-24,included,included,included
MARG-026,edition_matrix,26,26,New Launched Items & Loading,New product discovery,Mark newly launched items; display and add them during order or billing workflows.,"Define newness window, supplier feeds and operator visibility; source behavior is underspecified.",preserved_in_scope,vendor_matrix; workflow is proposed interpretation,https://margcompusoft.com/marg-features.html,2026-09-24,excluded,included,included
MARG-027,edition_matrix,27,27,Shortage Management,Shortage planning,Record unavailable demand; compare available/committed quantities and prepare replenishment.,Avoid counting duplicate demand; distinguish projected shortages from negative stock.,preserved_in_scope,vendor_matrix; workflow is proposed interpretation,https://margcompusoft.com/marg-features.html,2026-09-24,included,included,included
MARG-028,edition_matrix,28,28,Temporary Credit Limit,Temporary credit approval,Grant a time/amount-limited credit override and apply it to a permitted transaction.,"Approver, expiry, scope and reasons must be visible; rule interaction needs validation.",preserved_in_scope,vendor_matrix; workflow is proposed interpretation,https://margcompusoft.com/marg-features.html,2026-09-24,excluded,included,included
MARG-029,edition_matrix,29,29,Credit Limit Management,Credit control,Set party credit limits; warn or hold orders/invoices when exposure exceeds policy.,"Define exposure including pending orders, overdue bills, cheques and unposted documents.",preserved_in_scope,vendor_matrix; workflow is proposed interpretation,https://margcompusoft.com/marg-features.html,2026-09-24,excluded,included,included
MARG-030,edition_matrix,30,30,Accounting Management,General accounting,"Maintain ledgers; post vouchers; inspect cash/bank books, trial balance, P&L and balance sheet.","Opening balances, financial periods, posting policy and corrections need reconciled examples.",preserved_in_scope,vendor_matrix; workflow is proposed interpretation,https://margcompusoft.com/marg-features.html,2026-09-24,included,included,included
MARG-031,edition_matrix,31,31,Post Dated (P.D.C.) & Advance Cheques Issue and Receive Management,Cheques and advances,"Record received/issued postdated or advance cheques; track deposit, clearance, dishonour and allocations.","Bank reconciliation, cheque custody and posting dates; do not treat an uncleared cheque as cash.",preserved_in_scope,vendor_matrix; workflow is proposed interpretation,https://margcompusoft.com/marg-features.html,2026-09-24,excluded,included,included
MARG-032,edition_matrix,32,32,Sales Man (M.R.) / Area / Rout wise Reporting,Field-sales reporting,"Filter sales, returns and collections by salesperson, area and route.",Assignment history and incentive attribution need clear rules; not synonymous with GPS tracking.,preserved_in_scope,vendor_matrix; workflow is proposed interpretation,https://margcompusoft.com/marg-features.html,2026-09-24,excluded,included,included
MARG-033,edition_matrix,33,33,Barcode / Label Printing,Labels and barcodes,Design labels; generate item/batch barcodes; preview and print selected quantities.,"Barcode standard, scan input, printer formats and browser device compatibility need verification.",preserved_in_scope,vendor_matrix; workflow is proposed interpretation,https://margcompusoft.com/marg-features.html,2026-09-24,excluded,included,included
MARG-034,edition_matrix,34,34,Bank Reconciliation System,Bank reconciliation,Import or select bank statement entries; match to book entries; resolve unmatched items.,"Statement formats, duplicates, partial matches and human review; live access is separate.",preserved_in_scope,vendor_matrix; workflow is proposed interpretation,https://margcompusoft.com/marg-features.html,2026-09-24,included,included,included
MARG-035,edition_matrix,35,35,Outstanding Report,Receivables and payables,View bill-wise outstanding and ageing; inspect allocations and customer/supplier balances.,"Due-date policy, credits, advances, disputes and multicurrency handling require examples.",preserved_in_scope,vendor_matrix; workflow is proposed interpretation,https://margcompusoft.com/marg-features.html,2026-09-24,included,included,included
MARG-036,edition_matrix,36,36,Interest & Collection Report,Interest and collections,Calculate agreed interest scenarios; inspect collections and outstanding by period/party.,Contractual rate/basis/grace periods and posting authorization; calculations are not legal advice.,preserved_in_scope,vendor_matrix; workflow is proposed interpretation,https://margcompusoft.com/marg-features.html,2026-09-24,included,included,included
MARG-037,edition_matrix,37,37,Category / Salt Master Inventory and Reporting system,Category and salt catalogues,"Maintain category/salt mappings; filter inventory, sales and reports using those dimensions.","Medicine reference rights, variant mapping and catalogue corrections require governance.",preserved_in_scope,vendor_matrix; workflow is proposed interpretation,https://margcompusoft.com/marg-features.html,2026-09-24,included,included,included
MARG-038,edition_matrix,38,38,Auto generate different bill,Automatic invoice separation,Review proposed splits of an order or bill into separate documents and confirm outputs.,Source does not state split criteria; capture actual examples before reproducing behavior.,preserved_in_scope,vendor_matrix; workflow is proposed interpretation,https://margcompusoft.com/marg-features.html,2026-09-24,excluded,included,included
MARG-039,edition_matrix,39,39,Operator Power & Boundations,Access administration,"Grant browser workspace, report and action permissions to individual operators.",Company/store scope and override approval; desktop computer-binding needs a browser-appropriate equivalent.,preserved_in_scope,vendor_matrix; workflow is proposed interpretation,https://margcompusoft.com/marg-features.html,2026-09-24,included,included,included
MARG-040,edition_matrix,40,40,Operator Log Book Report & Operator Worksheet,Operator work records,"Inspect operator activity, workload and transaction history by period and action.","Define log coverage, privacy, access and retention; activity log is distinct from financial audit.",preserved_in_scope,vendor_matrix; workflow is proposed interpretation,https://margcompusoft.com/marg-features.html,2026-09-24,excluded,included,included
MARG-041,edition_matrix,41,41,Self-configurable invoice formats,Invoice layout designer,"Choose or edit invoice layouts; preview fields, pagination and print/export results.",Required statutory fields and printer widths; preserve readability and template versions.,preserved_in_scope,vendor_matrix; workflow is proposed interpretation,https://margcompusoft.com/marg-features.html,2026-09-24,included,included,included
MARG-042,edition_matrix,42,42,Inventory & Accounting Approval System,Approval inbox,"Staff prepare stock/account documents; assigned accountant/CA reviews, returns for correction or approves with reasons and history.",Company/GSTIN/branch scope; approval coverage and limits need examples; changes after review must be surfaced for renewed review where affected.,preserved_in_scope,vendor_matrix; workflow is proposed interpretation,https://margcompusoft.com/marg-features.html,2026-09-24,excluded,included,included
MARG-043,edition_matrix,43,43,Show Pending Kot /Challans,Pending kitchen/dispatch work,"View pending KOTs and challans; open, fulfil, cancel or convert linked documents.",Keep kitchen tickets separate from stock delivery challans; partial completion and stale work rules.,preserved_in_scope,vendor_matrix; workflow is proposed interpretation,https://margcompusoft.com/marg-features.html,2026-09-24,included,included,included
MARG-044,edition_matrix,44,44,Cashier Management,Cashier workspace,Open a shift; record tender and cash movements; close and reconcile expected versus counted cash.,"Refund authority, cash drawer compatibility and discrepancy approval require examples.",preserved_in_scope,vendor_matrix; workflow is proposed interpretation,https://margcompusoft.com/marg-features.html,2026-09-24,excluded,included,included
MARG-045,edition_matrix,45,45,GST e-Return,GST returns,Prepare return-period data; review errors; export or submit through authorized filing flow.,"Return types, current rules, signatory consent and remote acknowledgements; local examples cannot constitute filing.",preserved_in_scope,vendor_matrix; workflow is proposed interpretation,https://margcompusoft.com/marg-features.html,2026-09-24,included,included,included
MARG-046,edition_matrix,46,46,Reports Manager (MIS Report),Reports workspace,Search/filter reports; drill to transactions; save layouts; export and print.,Document each report's definitions and permissions; the 1000+ claim is not a verified specification.,preserved_in_scope,vendor_matrix; workflow is proposed interpretation,https://margcompusoft.com/marg-features.html,2026-09-24,included,included,included
MARG-047,edition_matrix,47,47,Budget & Cost Centers Management System,Budgets and cost centres,Assign costs/revenue to centres; maintain period budgets and compare actuals.,"Allocation rules, dimensions and consolidated totals require reconciliation.",preserved_in_scope,vendor_matrix; workflow is proposed interpretation,https://margcompusoft.com/marg-features.html,2026-09-24,excluded,included,included
MARG-048,edition_matrix,48,48,Target,Targets,Assign sales/collection targets by period/person/group; inspect achievement and variance.,Target dimensions and returns/cancellation treatment need actual examples.,preserved_in_scope,vendor_matrix; workflow is proposed interpretation,https://margcompusoft.com/marg-features.html,2026-09-24,included,included,included
MARG-049,edition_matrix,49,49,"Bank Letter,Packing Slip,Conver Note,Gatepass,Label,Barcode printing (Only Invoice Printing)",Supporting documents,"Generate bank letters, packing slips, cover notes, gatepasses and invoice-associated labels.",Verify meaning of source Conver Note and distinction from label printing; template/legal fields vary.,preserved_in_scope,vendor_matrix; workflow is proposed interpretation,https://margcompusoft.com/marg-features.html,2026-09-24,excluded,included,included
MARG-050,edition_matrix,50,50,Side Display At the time Of Billing,Billing context panel,"View relevant stock, customer balances and item information alongside the current bill.",Source side-display meaning needs demonstration; customer-facing second-screen behavior is separate.,preserved_in_scope,vendor_matrix; workflow is proposed interpretation,https://margcompusoft.com/marg-features.html,2026-09-24,included,included,included
MARG-051,edition_matrix,51,51,Show Dashboard,Operational dashboard,Open a role-appropriate overview and drill into operational counts and totals.,Matrix distinguishes this from data-analysis dashboard; exact content needs validation.,preserved_in_scope,vendor_matrix; workflow is proposed interpretation,https://margcompusoft.com/marg-features.html,2026-09-24,excluded,included,included
MARG-052,edition_matrix,52,52,Shortcut Keys (Short Buttons) & Recently view reports,Keyboard navigation,Use configurable browser shortcuts and action buttons; reopen recently visited reports.,"Avoid browser/OS key conflicts; retain focus order, help and a pointer-accessible equivalent.",preserved_in_scope,vendor_matrix; workflow is proposed interpretation,https://margcompusoft.com/marg-features.html,2026-09-24,excluded,included,included
MARG-053,edition_matrix,53,53,Sales Bundle Pack Formula (Set Of Bundle) Management & Bundle Formula Loadings In Billing and also Suggested Item Billing.,Bundles and suggestions,Define bundles/formulas; load component items and quantities; review suggested additions.,"Stock consumption, substitution, discounts and tax treatment must remain explicit.",preserved_in_scope,vendor_matrix; workflow is proposed interpretation,https://margcompusoft.com/marg-features.html,2026-09-24,excluded,included,included
MARG-054,edition_matrix,54,54,Allowed F3 & F4 Key in Bill,Bill-edit shortcuts,Expose permission-controlled equivalents of documented F3/F4 actions within bills.,Exact source action mapping varies and is not proven by matrix; obtain screenshots before assigning semantics.,preserved_in_scope,vendor_matrix; workflow is proposed interpretation,https://margcompusoft.com/marg-features.html,2026-09-24,excluded,included,included
MARG-055,edition_matrix,55,55,Take Sale Return in sale bill thru * Key,Inline sales returns,Add an original-sale-linked return from the bill screen and review the net transaction.,"Preserve separate return provenance, stock condition and tax consequences; map star shortcut safely.",preserved_in_scope,vendor_matrix; workflow is proposed interpretation,https://margcompusoft.com/marg-features.html,2026-09-24,included,included,included
MARG-056,edition_matrix,56,56,Show Last & Old Deals at the time of billing,Sales deal history,"View prior rates, schemes and transactions for selected customer/item while billing.","Date filters, authorizations and historical versus current terms must be clear.",preserved_in_scope,vendor_matrix; workflow is proposed interpretation,https://margcompusoft.com/marg-features.html,2026-09-24,excluded,included,included
MARG-057,edition_matrix,57,57,Show Last & Old Deals in Purchase,Purchase deal history,"Inspect previous supplier rates, quantities, discounts and costs while purchasing.",Keep original tax/rate snapshots; show comparable unit/cost basis.,preserved_in_scope,vendor_matrix; workflow is proposed interpretation,https://margcompusoft.com/marg-features.html,2026-09-24,included,included,included
MARG-058,edition_matrix,58,58,Group Wise Scheme Management,Group schemes,Define date/quantity-based offers for item or party groups; preview qualification and benefit.,"Scheme stacking, free-item allocation and returns require examples.",preserved_in_scope,vendor_matrix; workflow is proposed interpretation,https://margcompusoft.com/marg-features.html,2026-09-24,excluded,included,included
MARG-059,edition_matrix,59,59,Special Rates / Discounts Management,Special prices,"Set specific rates/discounts for customers, items or periods; apply precedence in billing.","Conflict resolution with other schemes, min/max controls and approval rules.",preserved_in_scope,vendor_matrix; workflow is proposed interpretation,https://margcompusoft.com/marg-features.html,2026-09-24,excluded,included,included
MARG-060,edition_matrix,60,60,Bill Convert on Amount/Days bases,Document conversion rules,Select documents meeting amount/day criteria; preview and confirm permitted conversion.,Source does not define from/to document types; preserve as unresolved until demonstrated.,preserved_in_scope,vendor_matrix; workflow is proposed interpretation,https://margcompusoft.com/marg-features.html,2026-09-24,excluded,included,included
MARG-061,edition_matrix,61,61,Show Graphs,Charts,Plot report data over time or across dimensions and drill into underlying records.,Consistent totals/filters and accessible tabular equivalent.,preserved_in_scope,vendor_matrix; workflow is proposed interpretation,https://margcompusoft.com/marg-features.html,2026-09-24,excluded,included,included
MARG-062,edition_matrix,62,62,Vertual Keyboard System,Touch keyboard,Enter quantities/text through an on-screen keypad or device keyboard in browser forms.,"Locale, decimal formats, focus and touch accessibility; avoid intercepting normal input.",preserved_in_scope,vendor_matrix; workflow is proposed interpretation,https://margcompusoft.com/marg-features.html,2026-09-24,excluded,included,included
MARG-063,edition_matrix,63,63,Vertual / Popup Item Billing,Quick item picker,Choose items using touch tiles or a searchable popup without losing the active bill.,"Stock/variant visibility, keyboard selection and return to prior focus.",preserved_in_scope,vendor_matrix; workflow is proposed interpretation,https://margcompusoft.com/marg-features.html,2026-09-24,excluded,included,included
MARG-064,edition_matrix,64,65,Chit fund Kitty (Kitty/Committee) & Mortgage (Girvi) Management,Kitty and secured pledges,"Maintain kitty/committee instalments; record pledged articles, valuations, dues and redemption.",Treat chit-fund and mortgage workflows as separate records; licensing/legal/interest rules need specialist definition.,preserved_in_scope,vendor_matrix; workflow is proposed interpretation,https://margcompusoft.com/marg-features.html,2026-09-24,excluded,included,included
MARG-065,edition_matrix,65,66,Caret Issue & Receive Management,Returnable containers,"Record crate/caret issue, receipt, balances and any deposits against parties.",Confirm source Caret means returnable containers; damaged/lost containers and deposit tax rules need examples.,preserved_in_scope,vendor_matrix; workflow is proposed interpretation,https://margcompusoft.com/marg-features.html,2026-09-24,excluded,included,included
MARG-066,edition_matrix,66,66,Out Patient Department (OPD/Reki) Management,OPD service desk,Register patient-linked visits; record consultation/service charges and link pharmacy dispensing where relevant.,"Source OPD/Reki semantics require demonstration; privacy, clinical scope and permissions remain unresolved.",preserved_in_scope,vendor_matrix; workflow is proposed interpretation,https://margcompusoft.com/marg-features.html,2026-09-24,excluded,included,included
MARG-067,edition_matrix,67,67,Cursor To Report,Context-to-report navigation,"Open the relevant ledger, stock or transaction report from the field currently being used.",Define field-to-report mapping and return to preserved editing state.,preserved_in_scope,vendor_matrix; workflow is proposed interpretation,https://margcompusoft.com/marg-features.html,2026-09-24,excluded,included,included
MARG-068,edition_matrix,68,68,SMS & E-Mail System,SMS and email,"Compose invoice/reminder messages; preview recipients, attachments and delivery results.","Provider authorization, costs, consent and failed-delivery handling; local draft is not a sent message.",preserved_in_scope,vendor_matrix; workflow is proposed interpretation,https://margcompusoft.com/marg-features.html,2026-09-24,included,included,included
MARG-069,edition_matrix,69,69,Cloud Backup,Backup and restore,Create a dated backup; inspect available snapshots; select and verify a restore.,Local backup workflow now; cloud destinations require later provider configuration and access controls.,preserved_in_scope,vendor_matrix; workflow is proposed interpretation,https://margcompusoft.com/marg-features.html,2026-09-24,included,included,included
MARG-070,edition_matrix,70,70,WhatsApp,WhatsApp workspace,Prepare invoice/reminder messages with attachments; review and send using authorized service.,Provider/template/consent requirements and delivery status; no assumption of free unrestricted sending.,preserved_in_scope,vendor_matrix; workflow is proposed interpretation,https://margcompusoft.com/marg-features.html,2026-09-24,included,included,included
MARG-071,edition_matrix,71,71,Business on Google Map,Sales map,"Filter customer/sales locations by route, date and salesperson; open related business records.","Map licensing, geocoding accuracy, location consent and external availability.",preserved_in_scope,vendor_matrix; workflow is proposed interpretation,https://margcompusoft.com/marg-features.html,2026-09-24,included,included,included
MARG-072,edition_matrix,72,72,Margpay Intrigration,Digital payment collection,Create payment requests; track provider result; reconcile receipt to bills.,"MargPay is proprietary; equivalent requires a permitted provider and commercial onboarding, not name reuse.",preserved_in_scope,vendor_matrix; workflow is proposed interpretation,https://margcompusoft.com/marg-features.html,2026-09-24,included,included,included
MARG-073,edition_matrix,73,73,Direct calling/Order Calling,Call and order desk,Find customer contact; initiate a supported call action; capture and follow up the resulting order.,Browser/device calling support and consent; automatic dialing service needs separate authorization.,preserved_in_scope,vendor_matrix; workflow is proposed interpretation,https://margcompusoft.com/marg-features.html,2026-09-24,included,included,included
MARG-074,edition_matrix,74,74,Go digital,Digital services hub,"Discover and open enabled document, commerce and communication workflows from one browser hub.",Go digital is a marketing umbrella; retain coverage link without inventing unique functionality.,preserved_in_scope,vendor_matrix; workflow is proposed interpretation,https://margcompusoft.com/marg-features.html,2026-09-24,included,included,included
MARG-075,edition_matrix,75,75,ICICI banking,ICICI banking workspace,View authorized bank data; prepare transfers; track approvals and reconcile results.,"Bank consent, contracts, credentials and supported actions; local fixtures cannot imply live banking.",preserved_in_scope,vendor_matrix; workflow is proposed interpretation,https://margcompusoft.com/marg-features.html,2026-09-24,included,included,included
MARG-076,edition_matrix,76,76,PDF Bill Import,Purchase PDF capture,Upload supplier PDF; inspect extracted lines; map items; correct and save a purchase draft.,"Extraction provider, duplicate detection, evidence retention and operator review; no accuracy guarantee.",preserved_in_scope,vendor_matrix; workflow is proposed interpretation,https://margcompusoft.com/marg-features.html,2026-09-24,excluded,included,included
MARG-077,edition_matrix,77,77,Audit Trail,Audit history,"Inspect who changed/approved a document, when and why; compare versions and related postings.","Coverage, retention and tamper resistance require specification; source activation behavior is not proof of immutability.",preserved_in_scope,vendor_matrix; workflow is proposed interpretation,https://margcompusoft.com/marg-features.html,2026-09-24,included,included,included
MARG-078,edition_matrix,78,78,Order CRM,Order CRM,"Record customer demand, follow-ups and order status; assign responsible staff and next action.","Clarify relationships with promise orders, call desk and broader sales CRM to avoid duplicate records.",preserved_in_scope,vendor_matrix; workflow is proposed interpretation,https://margcompusoft.com/marg-features.html,2026-09-24,included,included,included
MARG-079,edition_matrix,79,79,Merge Report,Consolidated reports,"Select companies, GSTINs, branches and periods; view consolidated management reports and drill to original independent records.",User confirmed multi-company/GSTIN/branch scope; preserve company books and GSTIN-specific statutory returns; mapping/eliminations require reviewed rules.,preserved_in_scope,vendor_matrix; workflow is proposed interpretation,https://margcompusoft.com/marg-features.html,2026-09-24,included,included,included
MARG-080,edition_matrix,80,80,Super Pack/Home Edition,Package entitlements,Inspect enabled feature bundles and permitted browser workspaces for a business.,Super Pack/Home Edition is an unresolved commercial label; obtain current feature definition; do not drop scope.,preserved_in_scope,vendor_matrix; workflow is proposed interpretation,https://margcompusoft.com/marg-features.html,2026-09-24,included,included,included
MARG-081,edition_matrix,81,81,Home delivery,Delivery workspace,"Assign orders; pick/dispatch; track delivery attempts, failures and completion in responsive browser screens.",Address accuracy and status evidence; signature/photo proof is not established by current research.,preserved_in_scope,vendor_matrix; workflow is proposed interpretation,https://margcompusoft.com/marg-features.html,2026-09-24,excluded,included,included
MARG-082,edition_matrix,82,82,Bill Tagging,Bill allocation,"Tag receipts, payments and adjustments to specific invoices and inspect remaining balances.","Confirm Bill Tagging semantics; one-to-many allocations, credits and undo need examples.",preserved_in_scope,vendor_matrix; workflow is proposed interpretation,https://margcompusoft.com/marg-features.html,2026-09-24,excluded,included,included
MARG-083,edition_matrix,83,83,Financial Year Backup on Mail,Financial-year archive,Create a year-end archive; preview approved email distribution and restore information.,"Sensitive data access, email attachment limits and provider authorization; sending is not automatic.",preserved_in_scope,vendor_matrix; workflow is proposed interpretation,https://margcompusoft.com/marg-features.html,2026-09-24,included,included,included
MARG-084,edition_matrix,84,84,E-Business,Business portals,"Open retailer, supplier and owner web workspaces for ordering, balances and shared documents.",E-Business bundles multiple roles; each external relationship and permission must be established.,preserved_in_scope,vendor_matrix; workflow is proposed interpretation,https://margcompusoft.com/marg-features.html,2026-09-24,included,included,included
MARG-085,edition_matrix,85,85,Salesman App,Salesperson workspace,"Use responsive browser views to capture orders/collections, inspect stock and customer balances.","Replace native app job with web workflow; mobile connectivity, location consent and printing require validation.",preserved_in_scope,vendor_matrix; workflow is proposed interpretation,https://margcompusoft.com/marg-features.html,2026-09-24,included,included,included
MARG-086,edition_matrix,86,86,Pharmanxt Free Drug Helpline,Drug reference desk,Search permitted drug/salt references and supplier discovery; open approved helpline resources.,PharmaNXT service/data rights and clinical limitations; do not imply prescribing authority.,preserved_in_scope,vendor_matrix; workflow is proposed interpretation,https://margcompusoft.com/marg-features.html,2026-09-24,included,included,included
MARG-087,edition_matrix,87,87,Data Analysis Dashboard,Analysis dashboard,"Explore stock, sales, margins and trends; filter dimensions and drill to source transactions.",Define distinction from operational dashboard and calculations; source label alone gives no chart catalogue.,preserved_in_scope,vendor_matrix; workflow is proposed interpretation,https://margcompusoft.com/marg-features.html,2026-09-24,included,included,included
MARG-088,edition_matrix,88,88,Stock & Sales e-Mail Scheduler,Report delivery schedules,"Configure report recipients, periods and times; preview report and inspect delivery history.","Email authorization, time zones, permissions and failed sends; local preview remains available without service.",preserved_in_scope,vendor_matrix; workflow is proposed interpretation,https://margcompusoft.com/marg-features.html,2026-09-24,included,included,included
MARG-089,edition_matrix,89,89,Collaborative Commerce,Trading-partner workspace,"Share authorized catalogue, stock/offer/order information with trading partners.","Collaborative Commerce is broad; confirm partner identity, sharing consent and supported exchanges.",preserved_in_scope,vendor_matrix; workflow is proposed interpretation,https://margcompusoft.com/marg-features.html,2026-09-24,included,included,included
MARG-090,edition_matrix,90,90,Connected Banking,Connected bank services,Select an authorized bank service; inspect balances/transactions and prepare permitted actions.,"Bank-specific coverage differs from statement import; contracts, MFA and approval boundaries apply.",preserved_in_scope,vendor_matrix; workflow is proposed interpretation,https://margcompusoft.com/marg-features.html,2026-09-24,included,included,included
MARG-091,edition_matrix,91,91,ERP to ERP,ERP order exchange,Browse supplier availability/rates/schemes; place orders; inspect received order and acknowledgement.,"Partner mapping, permitted interfaces, commercial access and duplicate handling; not open access to Marg network.",preserved_in_scope,vendor_matrix; workflow is proposed interpretation,https://margcompusoft.com/marg-features.html,2026-09-24,included,included,included
MARG-092,edition_matrix,92,92,Pass Ki Dukaan,Nearby shop discovery,Publish a reviewed shop/catalogue profile; let customers discover and request goods from nearby stores.,"Confirm Pass Ki Dukaan service scope; maps, marketplace permissions and catalogue publication require setup.",preserved_in_scope,vendor_matrix; workflow is proposed interpretation,https://margcompusoft.com/marg-features.html,2026-09-24,included,included,included
MARG-093,edition_matrix,93,93,Users,Users and companies,"Manage staff, accountants and CA access by company, GSTIN and branch; inspect preparer/reviewer permissions.",User confirmed staff preparation plus accountant/CA review; competitor prices/seat limits do not restrict our scope; review independence and overrides need policy.,preserved_in_scope,vendor_matrix; workflow is proposed interpretation,https://margcompusoft.com/marg-features.html,2026-09-24,text_only,text_only,text_only
ADD-001,additional_inventory,,,Touchscreen POS and multiple counters,Retail hardware,Run concurrent counter sessions; scan items; accept tenders; recover an interrupted bill.,Scanner/cash drawer/printer compatibility and concurrency behavior need device trials.,preserved_in_scope,vendor_documented_or_advertised; see uncertainty,https://margcompusoft.com/retail/supermarket_software.html,2026-09-24,,,
ADD-002,additional_inventory,,,Weighing-scale billing,Retail hardware,Read or enter measured weight; choose item; calculate and review priced quantity.,"Browser device support, calibration and units must be verified; manual fallback is a workflow choice.",preserved_in_scope,vendor_documented_or_advertised; see uncertainty,https://margcompusoft.com/retail/supermarket_software.html,2026-09-24,,,
ADD-003,additional_inventory,,,Loyalty rewards,Retail loyalty,"Enroll customers; accrue, redeem and adjust points with returns.","Consent, expiry, rounding and scheme stacking need policy examples.",preserved_in_scope,vendor_documented_or_advertised; see uncertainty,https://margcompusoft.com/retail/retail_software.html,2026-09-24,,,
ADD-004,additional_inventory,,,Local-language printing,Document localization,Choose supported language and review invoice/label rendering before printing.,Exact languages/fonts and regulatory labels require validation.,preserved_in_scope,vendor_documented_or_advertised; see uncertainty,https://margcompusoft.com/retail/supermarket_software.html,2026-09-24,,,
ADD-005,additional_inventory,,,Rack-level stock location,Warehouse layout,Assign item/batch rack locations; show picking guidance and rack stock reports.,Rack versus store identifiers; mixed bins and replenishment need examples.,preserved_in_scope,vendor_documented_or_advertised; see uncertainty,https://margcompusoft.com/retail/retail_software.html,2026-09-24,,,
ADD-006,additional_inventory,,,Sales-based reorder planning,Replenishment,"Review demand, thresholds and pending supply; propose supplier-specific purchase orders.",Validate minimum/maximum and shortage formulas; no claim of predictive AI.,preserved_in_scope,vendor_documented_or_advertised; see uncertainty,https://care.margcompusoft.com/margerp/re-order-management,2026-09-24,,,
ADD-007,additional_inventory,,,Purchase-cost and supplier comparison,Supplier purchasing,"Compare recent supplier deals, effective unit cost and terms before an order.","Normalize free quantities, taxes, freight and unit conversions.",preserved_in_scope,vendor_documented_or_advertised; see uncertainty,https://margcompusoft.com/retail/stock_management_software.html,2026-09-24,,,
ADD-008,additional_inventory,,,Supplier/customer claims,Claims and incentives,Record expected scheme/expiry benefits; submit supporting statements; track settlements and disputes.,Distinguish commercial claims from stock returns and GST credit notes.,preserved_in_scope,vendor_documented_or_advertised; see uncertainty,https://margcompusoft.com/distribution/fmcg_software_india.html,2026-09-24,,,
ADD-009,additional_inventory,,,Salesperson commissions,Claims and incentives,Configure permitted commission rules; inspect item/person totals and post reviewed amounts.,"Returns, discount exclusions and payout adjustments require examples.",preserved_in_scope,vendor_documented_or_advertised; see uncertainty,https://care.margcompusoft.com/margerp/sale-analysis/95/1/trees,2026-09-24,,,
ADD-010,additional_inventory,,,Barcode physical counts,Physical inventory,Collect count quantities; compare imported/scanned counts with book stock and review variances.,"Comparison is documented; blind counts, adjustments and approval behavior need specification.",preserved_in_scope,vendor_documented_or_advertised; see uncertainty,https://care.margcompusoft.com/margerp/inventory-reports/2748/1/how-to-map-software-stock-with-physical-stock-on-the-basis-of-barcode-in-marg-erp-software,2026-09-24,,,
ADD-011,additional_inventory,,,PO to purchase bill,Procurement fulfilment,Select pending PO and received items; load a purchase draft and inspect remaining commitment.,"Partial receipt, overreceipt and duplicate supplier bill checks require examples.",preserved_in_scope,vendor_documented_or_advertised; see uncertainty,https://care.margcompusoft.com/margerp/purchase/41306/1/How-to-Load-purchase-Order,2026-09-24,,,
ADD-012,additional_inventory,,,Previously sold batch validation,Returns provenance,Select customer/source invoice and restrict return selection to documented sold batches where configured.,Manual exceptions require explicit permissions; retain original quantities and tax context.,preserved_in_scope,vendor_documented_or_advertised; see uncertainty,https://care.margcompusoft.com/margerp/sale-return/28701/1/sale%20return,2026-09-24,,,
ADD-013,additional_inventory,,,CSV/Excel master and purchase imports,Data import and migration,Upload files; map fields/parties/items; preview errors; reconcile imported records.,Real sample formats and idempotency needed; imported records must retain source provenance.,preserved_in_scope,vendor_documented_or_advertised; see uncertainty,https://care.margcompusoft.com/margerp/data-import-export/169862/1/common,2026-09-24,,,
ADD-014,additional_inventory,,,ERP Bridger and accounting exchange,Data import and migration,Export/import agreed account and inventory records including relevant Tally transfers.,Supported formats and completeness need sample validation; proprietary integrations require permission.,preserved_in_scope,vendor_documented_or_advertised; see uncertainty,https://care.margcompusoft.com/margerp/data-import-export/169862/1/common,2026-09-24,,,
ADD-015,additional_inventory,,,Genie-style invoice photography,Photo purchase capture,Upload a photographed invoice; inspect extraction against image; correct and confirm a draft.,Vendor advertises capture; extraction accuracy and provider access are unverified.,preserved_in_scope,vendor_documented_or_advertised; see uncertainty,https://margcompusoft.com/marg-genie/index.html,2026-09-24,,,
ADD-016,additional_inventory,,,Patient and prescription records,Pharmacy customer desk,Record permitted prescription-linked dispensing and patient references; retrieve past transactions.,"Consent, data minimization, access and retention; prescribing/clinical decision support is not assumed.",preserved_in_scope,vendor_documented_or_advertised; see uncertainty,https://margcompusoft.com/retail/chemist_software.html,2026-09-24,,,
ADD-017,additional_inventory,,,Refill reminders,Pharmacy customer desk,Record refill preferences and expected dates; review due reminders and response history.,Patient consent and message-provider authorization; no automatic clinical dosing advice.,preserved_in_scope,vendor_documented_or_advertised; see uncertainty,https://margcompusoft.com/retail/chemist_software.html,2026-09-24,,,
ADD-018,additional_inventory,,,Promise orders,Customer demand,Record demand for unavailable items; link replenishment and notify customer after review.,Reservation expiry and customer consent; actual availability must be checked before messaging.,preserved_in_scope,vendor_documented_or_advertised; see uncertainty,https://margcompusoft.com/retail/store_management_software.html,2026-09-24,,,
ADD-019,additional_inventory,,,C&F and manufacturer reporting,Pharma distribution,"Maintain distributor/manufacturer relationships; report stock, sales and claims by principal.","Consignment ownership, reporting formats and principal contracts require examples.",preserved_in_scope,vendor_documented_or_advertised; see uncertainty,https://margcompusoft.com/distribution/pharma_software.html,2026-09-24,,,
ADD-020,additional_inventory,,,Size/colour/style/season variants,Garment catalogue,Create variants; print labels; sell/exchange exact sizes and colours; inspect variant stock.,"Parent/variant identity, pricing and historical labels require explicit examples.",preserved_in_scope,vendor_documented_or_advertised; see uncertainty,https://margcompusoft.com/retail/garment_software.html,2026-09-24,,,
ADD-021,additional_inventory,,,Purity/weight and making charges,Jewellery desk,Capture article purity/weight; choose applicable metal rate; calculate making charges and bill.,"Rate basis, wastage, hallmark records and tax rules require jewellery-specific review.",preserved_in_scope,vendor_documented_or_advertised; see uncertainty,https://margcompusoft.com/accounting_software.html,2026-09-24,,,
ADD-022,additional_inventory,,,Karigar and repairs,Jewellery workshop,Issue articles/material to karigars; record repair/job progress; reconcile material and charges on receipt.,"Loss/wastage, article custody and customer approvals require examples.",preserved_in_scope,vendor_documented_or_advertised; see uncertainty,https://margcompusoft.com/accounting_software.html,2026-09-24,,,
ADD-023,additional_inventory,,,Old-gold exchange,Jewellery exchange,Record exchanged article/valuation; link agreed consideration to new sale and settlements.,"Ownership evidence, valuation and tax treatment require specialist validation.",preserved_in_scope,vendor_documented_or_advertised; see uncertainty,https://margcompusoft.com/retail/billing_software.html,2026-09-24,,,
ADD-024,additional_inventory,,,Tables and order modes,Restaurant service,Open dine-in/takeaway/delivery orders; transfer tables; split or merge permitted bills.,"Occupancy, concurrent staff edits and tax/service-charge rules need examples.",preserved_in_scope,vendor_documented_or_advertised; see uncertainty,https://margcompusoft.com/accounting_software.html,2026-09-24,,,
ADD-025,additional_inventory,,,KOT and kitchen display,Restaurant kitchen,Route ordered items to kitchen queues; record preparation/status changes and cancellations.,"Ticket amendments, multiple stations and printer/display compatibility need validation.",preserved_in_scope,vendor_documented_or_advertised; see uncertainty,https://margcompusoft.com/accounting_software.html,2026-09-24,,,
ADD-026,additional_inventory,,,Recipe inventory consumption,Restaurant costs,Maintain recipe quantities; record production/sale consumption and inspect ingredient waste.,"Recipe units, yield and inventory posting trigger need actual restaurant scenarios.",preserved_in_scope,vendor_documented_or_advertised; see uncertainty,https://margcompusoft.com/accounting_software.html,2026-09-24,,,
ADD-027,additional_inventory,,,Zomato/Swiggy order intake,Restaurant channels,Review imported channel orders; accept permitted actions and reconcile settlement documents.,"Partner access, licensing and current API coverage are not turnkey.",preserved_in_scope,vendor_documented_or_advertised; see uncertainty,https://margcompusoft.com/accounting_software.html,2026-09-24,,,
ADD-028,additional_inventory,,,Tips and waiter reporting,Restaurant staff,Assign service staff; record tips; report sales/tips and reviewed allocations.,"Tip ownership, split rules and payroll/accounting links need policy definition.",preserved_in_scope,vendor_documented_or_advertised; see uncertainty,https://margcompusoft.com/accounting_software.html,2026-09-24,,,
ADD-029,additional_inventory,,,Appointments and staff shifts,Salon desk,"Schedule client/beautician appointments; manage shifts, reminders and service billing.","Overlap rules, no-shows and message consent need examples.",preserved_in_scope,vendor_documented_or_advertised; see uncertainty,https://margcompusoft.com/accounting_software.html,2026-09-24,,,
ADD-030,additional_inventory,,,Production planning and material requirements,Manufacturing planning,Create production demand; inspect material requirements; plan purchases and work orders.,"BOM versions, capacity assumptions and production states need manufacturing examples.",preserved_in_scope,vendor_documented_or_advertised; see uncertainty,https://margcompusoft.com/manufacturing-software.html,2026-09-24,,,
ADD-031,additional_inventory,,,Formulation/BOM and batch costing,Manufacturing execution,Issue materials to a production batch; record outputs/yields and calculate reviewed batch costs.,"Process-specific costing, scrap, rework and units require validation.",preserved_in_scope,vendor_documented_or_advertised; see uncertainty,https://margcompusoft.com/pharma_erp_software.html,2026-09-24,,,
ADD-032,additional_inventory,,,Quality release and manufacturing records,Manufacturing quality,Record required production/test evidence; hold or release batches by approved review.,Applicable quality regulations and signatures need specialist specification; no certification claim.,preserved_in_scope,vendor_documented_or_advertised; see uncertainty,https://margcompusoft.com/pharma_erp_software.html,2026-09-24,,,
ADD-033,additional_inventory,,,Patient-linked pharmacy dispensing,Clinical pharmacy,Link dispensations and charges to permitted patient/visit records.,Does not imply a complete hospital information system or clinical prescribing capability.,preserved_in_scope,vendor_documented_or_advertised; see uncertainty,https://margcompusoft.com/retail/clinical-pharmacy-software.html,2026-09-24,,,
ADD-034,additional_inventory,,,eRetail equivalent,Retailer portal,"Browse supplier stock/rates/schemes; place orders; inspect invoices, balances and short supplies.",Responsive web workspace; supplier consent and live network access are separate dependencies.,preserved_in_scope,vendor_documented_or_advertised; see uncertainty,https://tutorial.margcompusoft.com/tutorial/396-e-retail-android-application-english,2026-09-24,,,
ADD-035,additional_inventory,,,eBilling equivalent,Field billing,Create authorized field invoices; share/print them; record collections and inspect stock.,"Responsive browser workflow; numbering, connectivity and mobile/Bluetooth printing compatibility need validation.",preserved_in_scope,vendor_documented_or_advertised; see uncertainty,https://care.margcompusoft.com/ebusiness-app/e-business/182212/5/what-is-the-process-of-e-billing-app-integration-with-marg-software,2026-09-24,,,
ADD-036,additional_inventory,,,eDelivery equivalent,Delivery operations,Open assigned deliveries; navigate; record delivered/failed state and reason.,Responsive web workspace; maps and location permissions; photo/signature proof not established by evidence.,preserved_in_scope,vendor_documented_or_advertised; see uncertainty,https://care.margcompusoft.com/ebusiness-app/credit-limit-management/170217/utils/inftrees,2026-09-24,,,
ADD-037,additional_inventory,,,eOwner equivalent,Owner workspace,"Inspect businesses, financial balances, inventory and field performance from a responsive browser view.",Role-scoped reporting; not assumed identical to every desktop editing function.,preserved_in_scope,vendor_documented_or_advertised; see uncertainty,https://margcompusoft.com/manufacturing/pharmaceutical_manufacturing_software_erp.html,2026-09-24,,,
ADD-038,additional_inventory,,,SFAXpert equivalent,Field-force CRM,"Plan calls; record visits, attendance/expenses and sales reports; inspect follow-up tasks.",Responsive browser workspace; geolocation consent and employer policies; no native app requirement.,preserved_in_scope,vendor_documented_or_advertised; see uncertainty,https://margcompusoft.com/onlinemrReporting.html,2026-09-24,,,
ADD-039,additional_inventory,,,MargMart and shop QR equivalent,Online storefront,Build catalogue; preview shop/QR ordering; accept orders and inspect fulfilment.,"Local preview now; external publication, payment and marketplace services require explicit setup.",preserved_in_scope,vendor_documented_or_advertised; see uncertainty,https://margcompusoft.com/,2026-09-24,,,
ADD-040,additional_inventory,,,Wallet and service entitlements,Service usage,"Inspect enabled external services, usage records and expected charges; review service actions.",No funds held or paid jobs opened locally; provider terms and pricing require separate approval.,preserved_in_scope,vendor_documented_or_advertised; see uncertainty,https://care.margcompusoft.com/margerp/marg-wallet/183073/1/marg-wallet-plan-and-price-list,2026-09-24,,,
ADD-041,additional_inventory,,,DMSXpert/WebXpert equivalent,Channel reporting,Map partner SKUs; receive authorized channel/branch reports; inspect consolidated sales and stock.,Partner permissions and data completeness; transactional orchestration is not established.,preserved_in_scope,vendor_documented_or_advertised; see uncertainty,https://margcompusoft.com/Package/web_reporting_dmsxpert.html,2026-09-24,,,
ADD-042,additional_inventory,,,ECOD Secure equivalent jobs,Secondary-sales intelligence,Receive authorized manufacturer/distributor sales data; map and inspect reporting exceptions.,"Data rights, contracts and source quality; no promise of access to ECOD proprietary datasets.",preserved_in_scope,vendor_documented_or_advertised; see uncertainty,https://ecodsecure.com/ecod.html,2026-09-24,,,
ADD-043,additional_inventory,,,HRXpert/MargHR equivalent jobs,Payroll and people,"Maintain employees, attendance, leave and salary inputs; calculate/review payroll and reports.",Separate adjacent-product inventory; statutory calculations and confidential access require validated rules.,preserved_in_scope,vendor_documented_or_advertised; see uncertainty,https://margcompusoft.com/payroll_software.html,2026-09-24,,,
ADD-044,additional_inventory,,,API access and exchange monitoring,Integration administration,Configure permitted partner access; inspect master/order/stock/dispatch exchanges and failures.,Public Marg API is paid and partial; feature parity does not grant access or prove full GST/accounting coverage.,preserved_in_scope,vendor_documented_or_advertised; see uncertainty,https://margcompusoft.com/api/MobileSolutions.html,2026-09-24,,,
ADD-045,additional_inventory,,,Books Vinculum connector equivalent,Commerce order imports,Review channel orders; map items/taxes; convert approved orders to sales invoices.,"Books-specific evidence; connector contracts, credentials and current platform coverage need validation.",preserved_in_scope,vendor_documented_or_advertised; see uncertainty,https://care.margcompusoft.com/marg-books/e-commerce/184130/9/what-is-the-process-of-e---commerce-vinculum-in-marg-books,2026-09-24,,,
ADD-046,additional_inventory,,,GSTIN verification,GST setup,Check GSTIN registration/status; inspect results and apply reviewed party changes.,"Current authorized verification service, taxpayer context and fees; local fixtures show examples only.",preserved_in_scope,vendor_documented_or_advertised; see uncertainty,https://care.margcompusoft.com/marg-wallet/bulk-gstin-verification/183915/10/what-is-the-process-of-bulk-gstin-verification-through-marg-wallet,2026-09-24,,,
ADD-047,additional_inventory,,,Place of supply and tax determination,GST setup,Capture transaction context; preview applicable tax and reason; review exceptions.,"Effective-dated rules, exemptions and current legal validation; do not infer from GSTIN alone.",preserved_in_scope,vendor_documented_or_advertised; see uncertainty,https://care.margcompusoft.com/margerp/vat/41988/1/crc32,2026-09-24,,,
ADD-048,additional_inventory,,,Single/bulk e-invoice lifecycle,GST e-invoices,Validate selected documents; submit authorized requests; inspect acknowledgements/rejections/cancellations.,"GSP/IRP access, credentials, applicability and time limits; local records must not invent genuine IRNs.",preserved_in_scope,vendor_documented_or_advertised; see uncertainty,https://care.margcompusoft.com/margerp/e-invoicing/167209/1/trees,2026-09-24,,,
ADD-049,additional_inventory,,,E-way lifecycle and transport details,GST e-way bills,"Prepare transport/document details; track generation, permitted updates, cancellation and extensions.",Authorized integration and current rules; provider status and local draft remain distinct.,preserved_in_scope,vendor_documented_or_advertised; see uncertainty,https://care.margcompusoft.com/margerp/e-way-bill,2026-09-24,,,
ADD-050,additional_inventory,,,GSTR-1 preparation and connected filing,GST outward returns,Select GSTIN/period; review JSON; upload through authorized service; retain signatory/filing status.,OTP/signature and government acceptance are separate from upload; never infer filing from a local success flag.,preserved_in_scope,vendor_documented_or_advertised; see uncertainty,https://care.margcompusoft.com/marg-wallet/gstr1-direct-filing/183917/10/how-to-upload-gstr1-directly-on-the-portal-through-marg-wallet,2026-09-24,,,
ADD-051,additional_inventory,,,GSTR-2B matching,GST purchase reconciliation,"Import authorized portal data; review matched, mismatched and missing purchases; save resolutions.",Matching is separate from ITC eligibility; tolerances and amendment handling need reviewed examples.,preserved_in_scope,vendor_documented_or_advertised; see uncertainty,https://care.margcompusoft.com/margerp/gstr-2a-reconciliation/179260/utils/common,2026-09-24,,,
ADD-052,additional_inventory,,,GSTR-3B preparation,GST periodic liability,Review period totals and supporting transactions; export or use authorized filing workflow.,Current filing/signing process needs verification; legacy guide is not a complete legal specification.,preserved_in_scope,vendor_documented_or_advertised; see uncertainty,https://care.margcompusoft.com/margerp/gstr-3b/70197/1/what-is-the-process-of-gstr-3b-report-in-marg-erp-software,2026-09-24,,,
ADD-053,additional_inventory,,,Pre-filing error review,GST audit checks,Find missing/duplicate/cancelled bills and tax errors; open affected document and record resolution.,"Current validation catalogue, severity and correction rules require accountant review.",preserved_in_scope,vendor_documented_or_advertised; see uncertainty,https://care.margcompusoft.com/Question.aspx/17429/1/Internal-audit-mismatch-error-,2026-09-24,,,
ADD-054,additional_inventory,,,Multiple GSTIN and annual-return services,GST accountant workspace,Switch authorized GSTINs; prepare annual/periodic returns and full-year reconciliations.,"Advertised CA service breadth; exact supported returns, filing and shared-review functions need confirmation.",preserved_in_scope,vendor_documented_or_advertised; see uncertainty,https://margcompusoft.com/gst_software.html,2026-09-24,,,
ADD-055,additional_inventory,,,GST/MRP rate revisions,GST rate maintenance,Import or enter revised effective-dated rates; review affected products and future billing.,Preserve historical transactions; current product-specific rules and rollback semantics need validation.,preserved_in_scope,vendor_documented_or_advertised; see uncertainty,https://margcompusoft.com/marg-support.html,2026-09-24,,,
ADD-056,additional_inventory,,,IMS and modern GSTR-1A scope,GST invoice actions,Review applicable invoice actions/amendments and their consequences in a dedicated browser workspace.,"Marg operational parity is unverified; preserve requested scope for clarification, not claim demonstrated support.",preserved_in_scope,vendor_documented_or_advertised; see uncertainty,https://main.margcompusoft.com/m/what-is-an-invoice-management-system-and-how-marg-erp-keeps-you-gst-compliant/,2026-09-24,,,
ADD-057,additional_inventory,,,Year close and opening balances,Company administration,Review closing balances; carry stock/accounts/outstanding to a new period; reconcile differences.,Preserve prior-year evidence and permissions; no silent retroactive recalculation.,preserved_in_scope,vendor_documented_or_advertised; see uncertainty,https://care.margcompusoft.com/margerp/profit-and-loss/57064/1/null,2026-09-24,,,
ADD-058,additional_inventory,,,Period freeze and reopen,Control administration,Restrict edits to approved periods; review authorized reopen requests and affected reports.,Specific Marg semantics require demonstration; approvals and audit must reflect reopened changes.,preserved_in_scope,vendor_documented_or_advertised; see uncertainty,https://care.margcompusoft.com/margerp/changes-history,2026-09-24,,,
ADD-059,additional_inventory,,,Cloud/Books access jobs,Product access and migration,Access company records through the browser and review a complete migration/export package.,Preserve user jobs; do not recreate hosted desktop/native products; source local-cloud sync is constrained.,preserved_in_scope,vendor_documented_or_advertised; see uncertainty,https://care.margcompusoft.com/marg-cloud/f-a-q/184484/12/marg-cloud-faq-s,2026-09-24,,,
ADD-060,additional_inventory,,,"Hallmark, insurance and article catalogue",Jewellery records,Maintain article identification/hallmark references and catalogue; record associated insurance details.,Insurance service access and applicable hallmark requirements require external validation.,preserved_in_scope,vendor_documented_or_advertised; see uncertainty,https://margcompusoft.com/accounting_software.html,2026-09-24,,,
ADD-061,user_confirmed_scope,,,Multi-company and branch operations,Business organization,Create/select legal companies and branches; maintain independent company books; inspect branch operations and consolidated management views.,"User-confirmed scope; distinguish company, branch, warehouse and GSTIN; intercompany transactions and consolidation rules require examples.",preserved_in_scope,explicit user instruction relayed 2026-09-24,"user instruction: multi-company, multiGSTIN, multi-branch; staff prepare and accountant/CA review",2026-09-24,,,
ADD-062,user_confirmed_scope,,,Multiple GSTIN statutory workspaces,GST registrations,Assign applicable GST registrations to business locations; prepare/review each GSTIN return by period and retain its filing evidence.,User-confirmed scope; consolidated views never replace registration-specific statutory returns; intra/inter-registration stock and tax treatment require reviewed rules.,preserved_in_scope,explicit user instruction relayed 2026-09-24,"user instruction: multi-company, multiGSTIN, multi-branch; staff prepare and accountant/CA review",2026-09-24,,,
ADD-063,user_confirmed_scope,,,Staff preparation and accountant/CA review,Accountant review,"Staff prepare documents and period work; accountant/CA reviews evidence, requests corrections and records approval within permitted business scope.","User-confirmed scope; filing/signing authority remains separate; clarify preparer self-review, reassignment, exceptions and changes after approval.",preserved_in_scope,explicit user instruction relayed 2026-09-24,"user instruction: multi-company, multiGSTIN, multi-branch; staff prepare and accountant/CA review",2026-09-24,,,
