id,domain,capability,concrete_workflow,actors,acceptance_example,source_baseline_ids,byteception_evidence_ids,disposition,dependencies,requirement_status,source_interpretation,planning_constraints
ERP-001,Catalogue,Item discovery and curated substitutes,"Find products by category, salt, parameter or configured substitute and surface new launches; preserve product identity.",Counter staff; catalogue steward,"A filtered search returns permitted products, retains selected identity and never presents a medicinal substitute as an autonomous clinical decision.",MARG-014;MARG-026;MARG-037,,retained,"Curated substitute mappings and vertical-specific constraints; medicinal equivalence cannot be assumed. | Define newness window, supplier feeds and operator visibility; source behavior is underspecified. | Medicine reference rights, variant mapping and catalogue corrections require governance.",proposed_not_implemented,Vendor observations and original ERP proposals are separate; source IDs resolve through coverage-map.csv and byteception-comparison.csv.,"Webapp; local development; multiple companies/GSTINs/branches; staff prepare and accountant/CA review. Portal mode, stack, architecture and priorities deferred."
ERP-002,Inventory,Stock ledger and inventory vouchers,"Receive, reserve, issue, transfer and adjust quantities through named stock vouchers and inspect the resulting balance.",Storekeeper; inventory reviewer,"A receipt, issue and approved adjustment reconcile to the same item/location balance with source-document drilldown.",MARG-001;MARG-011,,retained,Item/unit/location masters; precise reservation and valuation policies need agreement. | Exact voucher catalogue and posting rules need specimen transactions; avoid collapsing distinct movements.,proposed_not_implemented,Vendor observations and original ERP proposals are separate; source IDs resolve through coverage-map.csv and byteception-comparison.csv.,"Webapp; local development; multiple companies/GSTINs/branches; staff prepare and accountant/CA review. Portal mode, stack, architecture and priorities deferred."
ERP-003,Inventory,"Godowns, stores and racks","Allocate goods to warehouse/store/rack, inspect availability and move selected quantities with sending and receiving evidence.",Storekeeper; branch manager,A partial transfer shows in-transit and received quantities without counting one quantity in both available stocks.,MARG-002;ADD-005,,retained,Locations are distinct from legal companies and GST registrations; transfer valuation needs examples. | Rack versus store identifiers; mixed bins and replenishment need examples.,proposed_not_implemented,Vendor observations and original ERP proposals are separate; source IDs resolve through coverage-map.csv and byteception-comparison.csv.,"Webapp; local development; multiple companies/GSTINs/branches; staff prepare and accountant/CA review. Portal mode, stack, architecture and priorities deferred."
ERP-004,Inventory,"Batch dates, expiry and allocation","Preserve batch identifiers including separators; track manufacture/expiry; allocate quantities automatically, with confirmation or manually; prepare expiry candidates.",Storekeeper; billing staff,"A split-batch sale retains exact batch identifiers, dates and source quantities; uncertain legacy separator semantics remain flagged for demonstration.",MARG-017;MARG-018;MARG-019;MARG-024;MARG-025,,retained,"Clarify item default versus batch-specific dates and required date precision. | Expiry interpretation, permissions and handling of month-only dates require explicit rules. | Configurable horizons and provenance; a report does not itself approve disposal or credit. | Meaning of source symbols @/#/* is unverified; obtain batch examples and search behavior. | Verify source auto/semi/manual semantics, selection rules and lot traceability.",proposed_not_implemented,Vendor observations and original ERP proposals are separate; source IDs resolve through coverage-map.csv and byteception-comparison.csv.,"Webapp; local development; multiple companies/GSTINs/branches; staff prepare and accountant/CA review. Portal mode, stack, architecture and priorities deferred."
ERP-005,Inventory,Stock conversion and packing,"Preview conversion between item forms or units, confirm ratios/wastage and inspect quantity/cost effects.",Storekeeper; inventory reviewer,A reviewed conversion conserves quantities under its recorded conversion ratio and identifies allowed wastage and cost basis.,MARG-008,,retained,"Vendor label is broad; confirm packing/unpacking, conversion ratios, wastage and costing behavior.",proposed_not_implemented,Vendor observations and original ERP proposals are separate; source IDs resolve through coverage-map.csv and byteception-comparison.csv.,"Webapp; local development; multiple companies/GSTINs/branches; staff prepare and accountant/CA review. Portal mode, stack, architecture and priorities deferred."
ERP-006,Inventory,Secondary stock records,Maintain secondary stock records and reconcile them with the relevant main stock or channel records after source semantics are confirmed.,Inventory manager,A documented customer example identifies what secondary stock means before posting rules are finalized; the requirement cannot be silently replaced with secondary-sales reporting.,MARG-012,,retained,Meaning of secondary stock is unverified; may differ from channel secondary sales; retain separate requirement.,proposed_not_implemented,Vendor observations and original ERP proposals are separate; source IDs resolve through coverage-map.csv and byteception-comparison.csv.,"Webapp; local development; multiple companies/GSTINs/branches; staff prepare and accountant/CA review. Portal mode, stack, architecture and priorities deferred."
ERP-007,Inventory,Consignment custody and settlement,"Record goods issued or received on consignment, ownership, custody, sale settlement and unsold returns separately.",Storekeeper; accountant,An unsold consignment return changes custody without inventing an owned-stock purchase or sale.,MARG-010,,retained,Distinguish custody from ownership and tax points; source label alone does not specify settlement rules.,proposed_not_implemented,Vendor observations and original ERP proposals are separate; source IDs resolve through coverage-map.csv and byteception-comparison.csv.,"Webapp; local development; multiple companies/GSTINs/branches; staff prepare and accountant/CA review. Portal mode, stack, architecture and priorities deferred."
ERP-008,Inventory,"Counts, shortages and replenishment","Compare barcode counts to recorded stock, investigate shortages and propose sales-based reorders with reviewer approval.",Storekeeper; purchasing staff,"A count difference has a reason and approved adjustment; a reorder proposal shows demand, stock and existing commitments.",MARG-027;ADD-006;ADD-010,,retained,"Avoid counting duplicate demand; distinguish projected shortages from negative stock. | Validate minimum/maximum and shortage formulas; no claim of predictive AI. | Comparison is documented; blind counts, adjustments and approval behavior need specification.",proposed_not_implemented,Vendor observations and original ERP proposals are separate; source IDs resolve through coverage-map.csv and byteception-comparison.csv.,"Webapp; local development; multiple companies/GSTINs/branches; staff prepare and accountant/CA review. Portal mode, stack, architecture and priorities deferred."
ERP-009,Trade,"Procurement, orders and challans","Raise indents, compare quotes, approve purchase/sales orders, fulfil partial quantities and convert orders/challans into invoices with shortages visible.",Purchasing; sales; warehouse,Two partial receipts or deliveries cannot consume the same ordered quantity twice; invoice conversion preserves remaining commitments.,MARG-004;MARG-009;MARG-022;ADD-011,,retained,"Partial completion, cancellations and multiple orders per invoice need acceptance examples. | Quote versioning, approval and links to purchase orders require workflow validation. | Shortage definitions and customer-visible formatting must match partial fulfilment. | Partial receipt, overreceipt and duplicate supplier bill checks require examples.",proposed_not_implemented,Vendor observations and original ERP proposals are separate; source IDs resolve through coverage-map.csv and byteception-comparison.csv.,"Webapp; local development; multiple companies/GSTINs/branches; staff prepare and accountant/CA review. Portal mode, stack, architecture and priorities deferred."
ERP-010,Trade,"Sales, purchases and provisional entry","Enter sale/purchase invoices or fast counter/provisional records, review totals and finalize linked account, stock and tax effects.",Billing staff; purchasing; accountant,A provisional document clearly shows its permitted effects; finalization posts each business effect once and links all consequences to one source.,MARG-003;MARG-005,,retained,"Party/item/rate/tax masters; cash/credit, numbering and document corrections need explicit examples. | Define stock/account impact before finalization and distinguish provisional from posted documents.",proposed_not_implemented,Vendor observations and original ERP proposals are separate; source IDs resolve through coverage-map.csv and byteception-comparison.csv.,"Webapp; local development; multiple companies/GSTINs/branches; staff prepare and accountant/CA review. Portal mode, stack, architecture and priorities deferred."
ERP-011,Trade,"Returns, replacements and claims","Link returns to sold/purchased batches and original invoices; process breakage/expiry claims and replacement issue/receipt, including return entry within a sale.",Counter staff; claims reviewer,"A previously sold batch is traceable through return and replacement; commercial, stock and tax dispositions remain independently visible.",MARG-006;MARG-055;ADD-008;ADD-012,,retained,"Original invoice/batch links; commercial versus tax adjustment; fresh versus scrap stock. | Preserve separate return provenance, stock condition and tax consequences; map star shortcut safely. | Distinguish commercial claims from stock returns and GST credit notes. | Manual exceptions require explicit permissions; retain original quantities and tax context.",proposed_not_implemented,Vendor observations and original ERP proposals are separate; source IDs resolve through coverage-map.csv and byteception-comparison.csv.,"Webapp; local development; multiple companies/GSTINs/branches; staff prepare and accountant/CA review. Portal mode, stack, architecture and priorities deferred."
ERP-012,Trade,Price-difference adjustments,"Calculate sale/purchase price differences against identified invoices, quantities and previous rates; route tax consequences for review.",Sales/purchasing; accountant,"A price adjustment states the old rate, new rate, quantity and affected invoices without rewriting historical invoice values.",MARG-007,,retained,"Rate basis, quantities, free goods and tax treatment need reviewed examples.",proposed_not_implemented,Vendor observations and original ERP proposals are separate; source IDs resolve through coverage-map.csv and byteception-comparison.csv.,"Webapp; local development; multiple companies/GSTINs/branches; staff prepare and accountant/CA review. Portal mode, stack, architecture and priorities deferred."
ERP-013,Trade,Pricing and discount controls,"Apply party/item/company rate and discount policies with precedence, effective dates, limits and permissioned fast rate changes.",Pricing manager; billing staff,An override outside the approved limit records authority and reason; recalculation shows the applicable rate and policy version.,MARG-013;MARG-023;MARG-059,,retained,"Precedence, stacking, effective dates and override authority need agreement. | Preserve F6-style speed through configurable safe keys; permissions and rounding need examples. | Conflict resolution with other schemes, min/max controls and approval rules.",proposed_not_implemented,Vendor observations and original ERP proposals are separate; source IDs resolve through coverage-map.csv and byteception-comparison.csv.,"Webapp; local development; multiple companies/GSTINs/branches; staff prepare and accountant/CA review. Portal mode, stack, architecture and priorities deferred."
ERP-014,Trade,"Bundles, schemes and past deals","Load bundle formulas, suggested products and group schemes; inspect previous sale/purchase deals before choosing permitted terms.",Sales; purchasing,A bundle decomposes into traceable quantities; stacking and free-goods treatment follow a reviewed policy rather than an assumed discount order.,MARG-053;MARG-056;MARG-057;MARG-058,,retained,"Stock consumption, substitution, discounts and tax treatment must remain explicit. | Date filters, authorizations and historical versus current terms must be clear. | Keep original tax/rate snapshots; show comparable unit/cost basis. | Scheme stacking, free-item allocation and returns require examples.",proposed_not_implemented,Vendor observations and original ERP proposals are separate; source IDs resolve through coverage-map.csv and byteception-comparison.csv.,"Webapp; local development; multiple companies/GSTINs/branches; staff prepare and accountant/CA review. Portal mode, stack, architecture and priorities deferred."
ERP-015,Trade,Supplier and purchase-cost comparison,"Compare supplier quotes and purchase histories, including landed-cost assumptions, then record the chosen supplier and reason.",Purchasing manager,A comparison shows equivalent quantity/unit and applicable charges so different pack sizes cannot mislead the buyer.,ADD-007,,retained,"Normalize free quantities, taxes, freight and unit conversions.",proposed_not_implemented,Vendor observations and original ERP proposals are separate; source IDs resolve through coverage-map.csv and byteception-comparison.csv.,"Webapp; local development; multiple companies/GSTINs/branches; staff prepare and accountant/CA review. Portal mode, stack, architecture and priorities deferred."
ERP-016,Finance,Customer credit and temporary limits,"Assess credit exposure during order/billing, request a time-limited override and review outstanding commitments before release.",Credit controller; sales approver,"An expired temporary limit no longer authorizes new credit, while the approved order history remains visible.",MARG-028;MARG-029,,retained,"Approver, expiry, scope and reasons must be visible; rule interaction needs validation. | Define exposure including pending orders, overdue bills, cheques and unposted documents.",proposed_not_implemented,Vendor observations and original ERP proposals are separate; source IDs resolve through coverage-map.csv and byteception-comparison.csv.,"Webapp; local development; multiple companies/GSTINs/branches; staff prepare and accountant/CA review. Portal mode, stack, architecture and priorities deferred."
ERP-017,Finance,"Books, ledgers and item trading accounts","Maintain customer/supplier account identities and opening balances. Post linked vouchers to ledgers, inspect trial balance/P&L/balance sheet and drill into item trading accounts with valuation evidence.",Accountant; owner,A corrected transaction has traceable account effects and balanced postings; an item margin reconciles to its stated costing basis.,MARG-030;MARG-015,BCP-017;BCP-020,deepened,"Opening balances, financial periods, posting policy and corrections need reconciled examples. | Define cost valuation, return treatment and links between item accounts and general ledger.",proposed_not_implemented,Vendor observations and original ERP proposals are separate; source IDs resolve through coverage-map.csv and byteception-comparison.csv.,"Webapp; local development; multiple companies/GSTINs/branches; staff prepare and accountant/CA review. Portal mode, stack, architecture and priorities deferred."
ERP-018,Finance,"Receivables, allocations and collections","Inspect outstanding invoices, tag receipts/credits/adjustments, review interest workings and prepare payment-aware collections.",Collections staff; accountant,A suspected unallocated bank receipt is reviewed before a reminder draft; allocated and remaining amounts reconcile without duplicate collection.,MARG-035;MARG-036;MARG-082,BCP-022,deepened,"Due-date policy, credits, advances, disputes and multicurrency handling require examples. | Contractual rate/basis/grace periods and posting authorization; calculations are not legal advice. | Confirm Bill Tagging semantics; one-to-many allocations, credits and undo need examples.",proposed_not_implemented,Vendor observations and original ERP proposals are separate; source IDs resolve through coverage-map.csv and byteception-comparison.csv.,"Webapp; local development; multiple companies/GSTINs/branches; staff prepare and accountant/CA review. Portal mode, stack, architecture and priorities deferred."
ERP-019,Finance,"Banking, reconciliation and cheques","Record issued/received advance and postdated cheques, reconcile statement lines and inspect supported connected-bank service outcomes.",Treasury; accountant,"A bank line has a traceable allocation, unresolved state or approved explanation; bank/provider availability stays an explicit dependency.",MARG-031;MARG-034;MARG-075;MARG-090,BCP-017;BCP-022,deepened,"Bank reconciliation, cheque custody and posting dates; do not treat an uncleared cheque as cash. | Statement formats, duplicates, partial matches and human review; live access is separate. | Bank consent, contracts, credentials and supported actions; local fixtures cannot imply live banking. | Bank-specific coverage differs from statement import; contracts, MFA and approval boundaries apply.",proposed_not_implemented,Vendor observations and original ERP proposals are separate; source IDs resolve through coverage-map.csv and byteception-comparison.csv.,"Webapp; local development; multiple companies/GSTINs/branches; staff prepare and accountant/CA review. Portal mode, stack, architecture and priorities deferred."
ERP-020,Finance,Cashier and payment collection,"Manage counter cash, payment modes and settlement references; close a cashier session and resolve payment discrepancies.",Cashier; supervisor,"A session close reconciles opening cash, collections and payouts; payment-provider success is not inferred from invoice creation.",MARG-044;MARG-072,,retained,"Refund authority, cash drawer compatibility and discrepancy approval require examples. | MargPay is proprietary; equivalent requires a permitted provider and commercial onboarding, not name reuse.",proposed_not_implemented,Vendor observations and original ERP proposals are separate; source IDs resolve through coverage-map.csv and byteception-comparison.csv.,"Webapp; local development; multiple companies/GSTINs/branches; staff prepare and accountant/CA review. Portal mode, stack, architecture and priorities deferred."
ERP-021,Reporting,Operational and management reporting,"Create MIS views, charts and combined management reports with source drilldown and role/company/period scope.",Owner; manager; accountant,"A combined view discloses companies, currency/period basis and freshness; totals drill into authorized records and statutory balances remain distinct.",MARG-046;MARG-051;MARG-061;MARG-067;MARG-079;MARG-087;ADD-037,BYTE-CAP-009;BCP-015;BCP-019,deepened,Document each report's definitions and permissions; the 1000+ claim is not a verified specification. | Matrix distinguishes this from data-analysis dashboard; exact content needs validation. | Consistent totals/filters and accessible tabular equivalent. | Define field-to-report mapping and return to preserved editing state. | User confirmed multi-company/GSTIN/branch scope; preserve company books and GSTIN-specific statutory returns; mapping/eliminations require reviewed rules. | Define distinction from operational dashboard and calculations; source label alone gives no chart catalogue. | Role-scoped reporting; not assumed identical to every desktop editing function.,proposed_not_implemented,Vendor observations and original ERP proposals are separate; source IDs resolve through coverage-map.csv and byteception-comparison.csv.,"Webapp; local development; multiple companies/GSTINs/branches; staff prepare and accountant/CA review. Portal mode, stack, architecture and priorities deferred."
ERP-022,Reporting,"Budgets, cost centres and targets","Assign transactions to cost centres, compare approved budgets and sales/collection targets, and explain variances.",Department manager; accountant,"A budget variance shows its period, allocation basis and source transactions rather than mixing unrelated targets.",MARG-047;MARG-048,,retained,"Allocation rules, dimensions and consolidated totals require reconciliation. | Target dimensions and returns/cancellation treatment need actual examples.",proposed_not_implemented,Vendor observations and original ERP proposals are separate; source IDs resolve through coverage-map.csv and byteception-comparison.csv.,"Webapp; local development; multiple companies/GSTINs/branches; staff prepare and accountant/CA review. Portal mode, stack, architecture and priorities deferred."
ERP-023,Access,Users and scoped permissions,"Invite and manage users; grant viewing, editing and export rights by company, branch, GSTIN and record responsibility.",Owner; administrator,"A user assigned to one company cannot retrieve another company through search, export, reports or direct record navigation.",MARG-039;MARG-093,BYTE-CAP-001;BCP-016,deepened,Company/store scope and override approval; desktop computer-binding needs a browser-appropriate equivalent. | User confirmed staff preparation plus accountant/CA review; competitor prices/seat limits do not restrict our scope; review independence and overrides need policy.,proposed_not_implemented,Vendor observations and original ERP proposals are separate; source IDs resolve through coverage-map.csv and byteception-comparison.csv.,"Webapp; local development; multiple companies/GSTINs/branches; staff prepare and accountant/CA review. Portal mode, stack, architecture and priorities deferred."
ERP-024,Controls,"Approval, audit and period controls","Staff prepare; designated reviewers approve exceptional stock/account actions and period work; record operator history, freeze and controlled reopen.",Business staff; accountant/CA; administrator,"Changing an approved calculation invalidates affected approval; reopening a frozen period records reason, authority and subsequent review.",MARG-040;MARG-042;MARG-077;ADD-058;ADD-063,BYTE-CAP-006;BCP-009;BCP-016,retained,"Define log coverage, privacy, access and retention; activity log is distinct from financial audit. | Company/GSTIN/branch scope; approval coverage and limits need examples; changes after review must be surfaced for renewed review where affected. | Coverage, retention and tamper resistance require specification; source activation behavior is not proof of immutability. | Specific Marg semantics require demonstration; approvals and audit must reflect reopened changes. | User-confirmed scope; filing/signing authority remains separate; clarify preparer self-review, reassignment, exceptions and changes after approval.",proposed_not_implemented,Vendor observations and original ERP proposals are separate; source IDs resolve through coverage-map.csv and byteception-comparison.csv.,"Webapp; local development; multiple companies/GSTINs/branches; staff prepare and accountant/CA review. Portal mode, stack, architecture and priorities deferred."
ERP-025,Documents,"Invoice, label and ancillary printing","Configure invoices and local-language outputs; generate bank letters, packing slips, cover notes, gate passes, labels and barcodes from reviewed records.",Billing staff; document administrator,An output contains the selected document version and template version with readable local-language content and correct barcode identity.,MARG-033;MARG-041;MARG-049;ADD-004,,retained,"Barcode standard, scan input, printer formats and browser device compatibility need verification. | Required statutory fields and printer widths; preserve readability and template versions. | Verify meaning of source Conver Note and distinction from label printing; template/legal fields vary. | Exact languages/fonts and regulatory labels require validation.",proposed_not_implemented,Vendor observations and original ERP proposals are separate; source IDs resolve through coverage-map.csv and byteception-comparison.csv.,"Webapp; local development; multiple companies/GSTINs/branches; staff prepare and accountant/CA review. Portal mode, stack, architecture and priorities deferred."
ERP-026,Counter,Browser counter and input ergonomics,"Offer touchscreen/multicounter billing, scales, virtual keyboard, item popups, recent reports, side displays and permissioned shortcut equivalents.",Counter staff; supervisor,A counter can complete representative billing with supported browser/device inputs; unresolved F3/F4 semantics are demonstrated before shortcuts are assigned.,MARG-050;MARG-052;MARG-054;MARG-062;MARG-063;ADD-001;ADD-002,,retained,"Source side-display meaning needs demonstration; customer-facing second-screen behavior is separate. | Avoid browser/OS key conflicts; retain focus order, help and a pointer-accessible equivalent. | Exact source action mapping varies and is not proven by matrix; obtain screenshots before assigning semantics. | Locale, decimal formats, focus and touch accessibility; avoid intercepting normal input. | Stock/variant visibility, keyboard selection and return to prior focus. | Scanner/cash drawer/printer compatibility and concurrency behavior need device trials. | Browser device support, calibration and units must be verified; manual fallback is a workflow choice.",proposed_not_implemented,Vendor observations and original ERP proposals are separate; source IDs resolve through coverage-map.csv and byteception-comparison.csv.,"Webapp; local development; multiple companies/GSTINs/branches; staff prepare and accountant/CA review. Portal mode, stack, architecture and priorities deferred."
ERP-027,Trade,Legacy document separation and conversion,Preview automatic invoice separation and amount/day-based document conversion after exact source criteria and document types are demonstrated.,Billing supervisor; accountant,A reviewed example establishes split/conversion rules and links every resulting document to its source; ambiguous vendor labels remain unresolved.,MARG-038;MARG-060,,retained,Source does not state split criteria; capture actual examples before reproducing behavior. | Source does not define from/to document types; preserve as unresolved until demonstrated.,proposed_not_implemented,Vendor observations and original ERP proposals are separate; source IDs resolve through coverage-map.csv and byteception-comparison.csv.,"Webapp; local development; multiple companies/GSTINs/branches; staff prepare and accountant/CA review. Portal mode, stack, architecture and priorities deferred."
ERP-028,Communication,Business communication and schedules,Draft SMS/email/messaging and calling follow-ups; schedule authorized stock/sales summaries with recipient and delivery visibility.,Sales; collections; authorized sender,"The sender previews recipient, business scope and message before authorized delivery; failed delivery never marks the business task complete.",MARG-068;MARG-070;MARG-073;MARG-088,,retained,"Provider authorization, costs, consent and failed-delivery handling; local draft is not a sent message. | Provider/template/consent requirements and delivery status; no assumption of free unrestricted sending. | Browser/device calling support and consent; automatic dialing service needs separate authorization. | Email authorization, time zones, permissions and failed sends; local preview remains available without service.",proposed_not_implemented,Vendor observations and original ERP proposals are separate; source IDs resolve through coverage-map.csv and byteception-comparison.csv.,"Webapp; local development; multiple companies/GSTINs/branches; staff prepare and accountant/CA review. Portal mode, stack, architecture and priorities deferred."
ERP-029,Trade,Order CRM and customer follow-up,"Track enquiries and orders, ownership, customer requests, next actions and fulfilment blockers from first contact through delivery.",Sales coordinator,"A customer follow-up opens the correct order and owner, preserving earlier commitments and their disposition.",MARG-078,,retained,"Clarify relationships with promise orders, call desk and broader sales CRM to avoid duplicate records.",proposed_not_implemented,Vendor observations and original ERP proposals are separate; source IDs resolve through coverage-map.csv and byteception-comparison.csv.,"Webapp; local development; multiple companies/GSTINs/branches; staff prepare and accountant/CA review. Portal mode, stack, architecture and priorities deferred."
ERP-030,Fulfilment,Home delivery and proof of completion,"Assign dispatch/delivery, confirm quantities, collect permitted proof and record failed/partial delivery and related collection.",Dispatcher; delivery staff,A partially delivered order retains remaining quantities and proof; collection and delivery status are not conflated.,MARG-081;ADD-036,,retained,Address accuracy and status evidence; signature/photo proof is not established by current research. | Responsive web workspace; maps and location permissions; photo/signature proof not established by evidence.,proposed_not_implemented,Vendor observations and original ERP proposals are separate; source IDs resolve through coverage-map.csv and byteception-comparison.csv.,"Webapp; local development; multiple companies/GSTINs/branches; staff prepare and accountant/CA review. Portal mode, stack, architecture and priorities deferred."
ERP-031,Data continuity,"Backup, migration and financial-year continuity","Create reviewable backups/exports, verify recovery, close the year, carry controlled opening balances and access migrated company records through the browser.",Administrator; accountant,A restored/exported example reproduces balances and unresolved cases; backup destination and hosting remain undecided despite legacy cloud/email labels.,MARG-069;MARG-083;ADD-057;ADD-059,,retained,"Local backup workflow now; cloud destinations require later provider configuration and access controls. | Sensitive data access, email attachment limits and provider authorization; sending is not automatic. | Preserve prior-year evidence and permissions; no silent retroactive recalculation. | Preserve user jobs; do not recreate hosted desktop/native products; source local-cloud sync is constrained.",proposed_not_implemented,Vendor observations and original ERP proposals are separate; source IDs resolve through coverage-map.csv and byteception-comparison.csv.,"Webapp; local development; multiple companies/GSTINs/branches; staff prepare and accountant/CA review. Portal mode, stack, architecture and priorities deferred."
ERP-032,Data exchange,"Imports, capture and ERP exchange","Capture PDF/photo/tabular data, map masters, review control totals and exchange approved records with traceable errors and outcomes.",Import operator; accountant,Reimporting the same input does not duplicate posted transactions; each accepted or rejected row has a reason and source link.,MARG-076;MARG-091;ADD-013;ADD-014;ADD-015;ADD-044;ADD-045,BYTE-CAP-011;BCP-011,deepened,"Extraction provider, duplicate detection, evidence retention and operator review; no accuracy guarantee. | Partner mapping, permitted interfaces, commercial access and duplicate handling; not open access to Marg network. | Real sample formats and idempotency needed; imported records must retain source provenance. | Supported formats and completeness need sample validation; proprietary integrations require permission. | Vendor advertises capture; extraction accuracy and provider access are unverified. | Public Marg API is paid and partial; feature parity does not grant access or prove full GST/accounting coverage. | Books-specific evidence; connector contracts, credentials and current platform coverage need validation.",proposed_not_implemented,Vendor observations and original ERP proposals are separate; source IDs resolve through coverage-map.csv and byteception-comparison.csv.,"Webapp; local development; multiple companies/GSTINs/branches; staff prepare and accountant/CA review. Portal mode, stack, architecture and priorities deferred."
ERP-033,Commerce,"Ordering, storefront and commerce exchange",Expose permitted catalogues and ordering/QR discovery in browser flows; accept orders and collaborative trade exchanges under approved access.,Customer; retailer; commerce operator,"An incoming order identifies source, customer, accepted prices and fulfilment state; branded service/data access remains a dependency.",MARG-071;MARG-074;MARG-084;MARG-089;MARG-092;ADD-034;ADD-039,,retained,"Map licensing, geocoding accuracy, location consent and external availability. | Go digital is a marketing umbrella; retain coverage link without inventing unique functionality. | E-Business bundles multiple roles; each external relationship and permission must be established. | Collaborative Commerce is broad; confirm partner identity, sharing consent and supported exchanges. | Confirm Pass Ki Dukaan service scope; maps, marketplace permissions and catalogue publication require setup. | Responsive web workspace; supplier consent and live network access are separate dependencies. | Local preview now; external publication, payment and marketplace services require explicit setup.",proposed_not_implemented,Vendor observations and original ERP proposals are separate; source IDs resolve through coverage-map.csv and byteception-comparison.csv.,"Webapp; local development; multiple companies/GSTINs/branches; staff prepare and accountant/CA review. Portal mode, stack, architecture and priorities deferred."
ERP-034,Access,Service bundles and entitlement visibility,Show the business which optional service bundles and usage entitlements are enabled and which workflows require external service access.,Owner; administrator,An unavailable entitlement is explained before action; Super Pack/Home Edition semantics remain an explicit research question.,MARG-080;ADD-040,,retained,Super Pack/Home Edition is an unresolved commercial label; obtain current feature definition; do not drop scope. | No funds held or paid jobs opened locally; provider terms and pricing require separate approval.,proposed_not_implemented,Vendor observations and original ERP proposals are separate; source IDs resolve through coverage-map.csv and byteception-comparison.csv.,"Webapp; local development; multiple companies/GSTINs/branches; staff prepare and accountant/CA review. Portal mode, stack, architecture and priorities deferred."
ERP-035,Distribution,"Sales force, routes and manufacturer reporting","Take route/salesperson orders or field invoices in the browser; track targets, commissions, C&F/DMS activity and authorized secondary-sales reporting.",Salesperson; distributor; manufacturer analyst,A route order links to fulfilment and collections; secondary-sales reports preserve provenance and never imply access to proprietary datasets.,MARG-032;MARG-085;ADD-009;ADD-019;ADD-035;ADD-038;ADD-041;ADD-042,,retained,"Assignment history and incentive attribution need clear rules; not synonymous with GPS tracking. | Replace native app job with web workflow; mobile connectivity, location consent and printing require validation. | Returns, discount exclusions and payout adjustments require examples. | Consignment ownership, reporting formats and principal contracts require examples. | Responsive browser workflow; numbering, connectivity and mobile/Bluetooth printing compatibility need validation. | Responsive browser workspace; geolocation consent and employer policies; no native app requirement. | Partner permissions and data completeness; transactional orchestration is not established. | Data rights, contracts and source quality; no promise of access to ECOD proprietary datasets.",proposed_not_implemented,Vendor observations and original ERP proposals are separate; source IDs resolve through coverage-map.csv and byteception-comparison.csv.,"Webapp; local development; multiple companies/GSTINs/branches; staff prepare and accountant/CA review. Portal mode, stack, architecture and priorities deferred."
ERP-036,Pharmacy,Medicine registers and drug references,Capture permitted H1/narcotics sale details and produce reviewed registers; open approved drug/salt reference or helpline resources.,Pharmacist; authorized reviewer,A register entry links to sale/prescriber/patient evidence under scoped access; references do not grant prescribing authority.,MARG-016;MARG-086,,retained,"Current jurisdiction rules, privacy and retention need specialist review; not a complete clinical system. | PharmaNXT service/data rights and clinical limitations; do not imply prescribing authority.",proposed_not_implemented,Vendor observations and original ERP proposals are separate; source IDs resolve through coverage-map.csv and byteception-comparison.csv.,"Webapp; local development; multiple companies/GSTINs/branches; staff prepare and accountant/CA review. Portal mode, stack, architecture and priorities deferred."
ERP-037,Pharmacy,"Prescription, refill and patient dispensing",Link prescriptions and patient records to dispensing; manage promise orders and authorized refill reminders with outstanding quantities.,Pharmacist; counter staff,A partial dispensing preserves remaining quantities and relevant prescription evidence without exposing patient data to unrelated users.,ADD-016;ADD-017;ADD-018;ADD-033,,retained,"Consent, data minimization, access and retention; prescribing/clinical decision support is not assumed. | Patient consent and message-provider authorization; no automatic clinical dosing advice. | Reservation expiry and customer consent; actual availability must be checked before messaging. | Does not imply a complete hospital information system or clinical prescribing capability.",proposed_not_implemented,Vendor observations and original ERP proposals are separate; source IDs resolve through coverage-map.csv and byteception-comparison.csv.,"Webapp; local development; multiple companies/GSTINs/branches; staff prepare and accountant/CA review. Portal mode, stack, architecture and priorities deferred."
ERP-038,Mandi,Bag quantities and item expenses,"Record bag counts, variable weights/tare and item-level loading/commission/other expenses during mandi buying and selling.",Mandi billing staff; accountant,"A specimen commodity trade reconciles bags, net weight, expense ownership and reviewed landed-cost/tax treatment.",MARG-020;MARG-021,,retained,"Commodity/unit rules, variable bag weights and tare handling need actual mandi examples. | Expense ownership, taxable treatment and landed-cost allocation require local business rules.",proposed_not_implemented,Vendor observations and original ERP proposals are separate; source IDs resolve through coverage-map.csv and byteception-comparison.csv.,"Webapp; local development; multiple companies/GSTINs/branches; staff prepare and accountant/CA review. Portal mode, stack, architecture and priorities deferred."
ERP-039,Specialist trade,Kitty instalments and secured pledges,"Maintain kitty/committee instalments separately from pledged articles, valuations, dues and redemption history.",Authorized specialist operator; accountant,Separate reviewed examples specify instalment and pledge accounting; legal/licensing/interest rules remain prerequisites rather than assumed permissions.,MARG-064,,retained,Treat chit-fund and mortgage workflows as separate records; licensing/legal/interest rules need specialist definition.,proposed_not_implemented,Vendor observations and original ERP proposals are separate; source IDs resolve through coverage-map.csv and byteception-comparison.csv.,"Webapp; local development; multiple companies/GSTINs/branches; staff prepare and accountant/CA review. Portal mode, stack, architecture and priorities deferred."
ERP-040,Inventory,Returnable crates and containers,"Record crate/caret issue, return, damage/loss, deposits and party balances after confirming legacy terminology.",Storekeeper; accountant,"A party container balance reconciles issued and returned quantities, with deposits and damaged stock separately reviewed.",MARG-065,,retained,Confirm source Caret means returnable containers; damaged/lost containers and deposit tax rules need examples.,proposed_not_implemented,Vendor observations and original ERP proposals are separate; source IDs resolve through coverage-map.csv and byteception-comparison.csv.,"Webapp; local development; multiple companies/GSTINs/branches; staff prepare and accountant/CA review. Portal mode, stack, architecture and priorities deferred."
ERP-041,Services,OPD service desk,"Register patient-linked visits, consultation/service charges and relevant pharmacy links once OPD/Reki source behaviour is demonstrated.",Authorized reception; accountant,A reviewed example identifies clinical boundaries and permissions; a service charge does not expose unrelated patient data.,MARG-066,,retained,"Source OPD/Reki semantics require demonstration; privacy, clinical scope and permissions remain unresolved.",proposed_not_implemented,Vendor observations and original ERP proposals are separate; source IDs resolve through coverage-map.csv and byteception-comparison.csv.,"Webapp; local development; multiple companies/GSTINs/branches; staff prepare and accountant/CA review. Portal mode, stack, architecture and priorities deferred."
ERP-042,Apparel,"Size, colour and seasonal stock","Maintain style/size/colour/season variants, purchase and sell specific variants and inspect their balances and replenishment needs.",Apparel buyer; counter staff,A colour/size return restores the correct variant rather than a pooled product balance.,ADD-020,,retained,"Parent/variant identity, pricing and historical labels require explicit examples.",proposed_not_implemented,Vendor observations and original ERP proposals are separate; source IDs resolve through coverage-map.csv and byteception-comparison.csv.,"Webapp; local development; multiple companies/GSTINs/branches; staff prepare and accountant/CA review. Portal mode, stack, architecture and priorities deferred."
ERP-043,Jewellery,"Articles, valuation, repairs and exchange","Track article/hallmark/insurance references, purity/weight/making charges, karigar custody, repairs and old-gold exchanges.",Jewellery operator; accountant,"A repair or exchange retains article identity, weights and reviewed valuation; insurance/hallmark access and rules remain explicit dependencies.",ADD-021;ADD-022;ADD-023;ADD-060,,retained,"Rate basis, wastage, hallmark records and tax rules require jewellery-specific review. | Loss/wastage, article custody and customer approvals require examples. | Ownership evidence, valuation and tax treatment require specialist validation. | Insurance service access and applicable hallmark requirements require external validation.",proposed_not_implemented,Vendor observations and original ERP proposals are separate; source IDs resolve through coverage-map.csv and byteception-comparison.csv.,"Webapp; local development; multiple companies/GSTINs/branches; staff prepare and accountant/CA review. Portal mode, stack, architecture and priorities deferred."
ERP-044,Hospitality,"Tables, kitchen and order fulfilment","Manage tables/order modes, pending KOT/challans, kitchen display, recipe consumption, delivery-marketplace intake and tips/waiter reporting.",Server; kitchen; cashier,A changed or cancelled KOT is visible to kitchen and cashier; inventory consumption follows confirmed recipe and cancellation rules.,MARG-043;ADD-024;ADD-025;ADD-026;ADD-027;ADD-028,,retained,"Keep kitchen tickets separate from stock delivery challans; partial completion and stale work rules. | Occupancy, concurrent staff edits and tax/service-charge rules need examples. | Ticket amendments, multiple stations and printer/display compatibility need validation. | Recipe units, yield and inventory posting trigger need actual restaurant scenarios. | Partner access, licensing and current API coverage are not turnkey. | Tip ownership, split rules and payroll/accounting links need policy definition.",proposed_not_implemented,Vendor observations and original ERP proposals are separate; source IDs resolve through coverage-map.csv and byteception-comparison.csv.,"Webapp; local development; multiple companies/GSTINs/branches; staff prepare and accountant/CA review. Portal mode, stack, architecture and priorities deferred."
ERP-045,Services,Appointments and staff schedules,"Schedule appointments against staff availability, record changes/no-shows and link completed services to billing.",Reception; service staff,A rescheduled booking preserves history and prevents conflicting confirmed assignments under the agreed booking policy.,ADD-029,,retained,"Overlap rules, no-shows and message consent need examples.",proposed_not_implemented,Vendor observations and original ERP proposals are separate; source IDs resolve through coverage-map.csv and byteception-comparison.csv.,"Webapp; local development; multiple companies/GSTINs/branches; staff prepare and accountant/CA review. Portal mode, stack, architecture and priorities deferred."
ERP-046,Manufacturing,"Production, BOM and quality release","Plan materials and production, apply formulation/BOM versions, trace batch consumption/cost and hold or release output with quality evidence.",Production planner; storekeeper; quality reviewer,A held batch cannot be selected as released stock; finished quantity and cost trace to the reviewed BOM and actual consumption.,ADD-030;ADD-031;ADD-032,,retained,"BOM versions, capacity assumptions and production states need manufacturing examples. | Process-specific costing, scrap, rework and units require validation. | Applicable quality regulations and signatures need specialist specification; no certification claim.",proposed_not_implemented,Vendor observations and original ERP proposals are separate; source IDs resolve through coverage-map.csv and byteception-comparison.csv.,"Webapp; local development; multiple companies/GSTINs/branches; staff prepare and accountant/CA review. Portal mode, stack, architecture and priorities deferred."
ERP-047,People,"Employees, attendance and payroll","Maintain employee/attendance/leave/salary inputs, calculate and review payroll and produce permissioned payroll reports.",HR; payroll accountant,A payroll run identifies input version and review; reimbursement links never expose salary details to ordinary expense reviewers.,ADD-043,BCP-020,retained,Separate adjacent-product inventory; statutory calculations and confidential access require validated rules.,proposed_not_implemented,Vendor observations and original ERP proposals are separate; source IDs resolve through coverage-map.csv and byteception-comparison.csv.,"Webapp; local development; multiple companies/GSTINs/branches; staff prepare and accountant/CA review. Portal mode, stack, architecture and priorities deferred."
ERP-048,Retail,Loyalty and customer rewards,Accrue and redeem approved customer rewards with sale/return links and a transparent balance.,Counter staff; retail manager,A returned sale adjusts rewards under the applicable policy and cannot be redeemed twice.,ADD-003,,retained,"Consent, expiry, rounding and scheme stacking need policy examples.",proposed_not_implemented,Vendor observations and original ERP proposals are separate; source IDs resolve through coverage-map.csv and byteception-comparison.csv.,"Webapp; local development; multiple companies/GSTINs/branches; staff prepare and accountant/CA review. Portal mode, stack, architecture and priorities deferred."
TAX-01,GST,Registration and applicability,"Effective-dated registration/regime, filing frequency, turnover history, authorized signatory, declared locations and obligations. Explain why each return or document requirement applies.",Business staff prepare; accountant/CA reviews; authorized signatory acts where required,An applicability change records effective dates and source basis; a workspace retains previous periods under their original registration context.,GST-01;ADD-046;ADD-062,BYTE-CAP-003;BCP-004,retained,"Verify current official applicability and source-specific rules when implementing; portal activity mode, technology, architecture and delivery priority are deferred. Detailed workflow: ../marg/gst-outward-workflows.md.",proposed_not_implemented,Vendor observations and original ERP proposals are separate; source IDs resolve through coverage-map.csv and byteception-comparison.csv.,"Webapp; local development; multiple companies/GSTINs/branches; staff prepare and accountant/CA review. Portal mode, stack, architecture and priorities deferred."
TAX-02,GST,Tax masters and policies,"HSN/SAC/UQC, taxability, cess and valuation rules, place-of-supply decisions, bill-to/ship-to, exemptions and rate history. Record the basis and reviewer for exceptional classifications.",Business staff prepare; accountant/CA reviews; authorized signatory acts where required,"An exceptional place-of-supply or classification decision retains facts, authority and reviewer; later policy changes preserve invoice history.",GST-02;ADD-047,,retained,"Verify current official applicability and source-specific rules when implementing; portal activity mode, technology, architecture and delivery priority are deferred. Detailed workflow: ../marg/gst-outward-workflows.md.",proposed_not_implemented,Vendor observations and original ERP proposals are separate; source IDs resolve through coverage-map.csv and byteception-comparison.csv.,"Webapp; local development; multiple companies/GSTINs/branches; staff prepare and accountant/CA review. Portal mode, stack, architecture and priorities deferred."
TAX-03,GST,Invoice assistant,"Line-level explanation, GSTIN checks with verification date, arithmetic/rounding review, duplicates, party status and tax-inclusive pricing. Preview corrections and preserve original evidence.",Business staff prepare; accountant/CA reviews; authorized signatory acts where required,An invoice explains each tax line and highlights an invalid/unknown check result without claiming a live verification when only imported evidence exists.,GST-03;ADD-046,,retained,"Verify current official applicability and source-specific rules when implementing; portal activity mode, technology, architecture and delivery priority are deferred. Detailed workflow: ../marg/gst-outward-workflows.md.",proposed_not_implemented,Vendor observations and original ERP proposals are separate; source IDs resolve through coverage-map.csv and byteception-comparison.csv.,"Webapp; local development; multiple companies/GSTINs/branches; staff prepare and accountant/CA review. Portal mode, stack, architecture and priorities deferred."
TAX-04,GST,E-invoice workbench,"Applicability, validation, registration, original acknowledgement/QR evidence, errors, cancellation eligibility and uncertain-response recovery. Link all attempts to one document.",Business staff prepare; accountant/CA reviews; authorized signatory acts where required,An uncertain response remains unresolved until evidence establishes acceptance or failure; retry cannot create a second registration for the same document.,GST-04;ADD-048,,retained,"Verify current official applicability and source-specific rules when implementing; portal activity mode, technology, architecture and delivery priority are deferred. Detailed workflow: ../marg/gst-outward-workflows.md.",proposed_not_implemented,Vendor observations and original ERP proposals are separate; source IDs resolve through coverage-map.csv and byteception-comparison.csv.,"Webapp; local development; multiple companies/GSTINs/branches; staff prepare and accountant/CA review. Portal mode, stack, architecture and priorities deferred."
TAX-05,GST,Transport compliance,"E-way applicability, transport/vehicle details, generation, updates, validity/extension checks, consolidation and dispatch readiness. Respect active rules rather than withdrawn announcements.",Business staff prepare; accountant/CA reviews; authorized signatory acts where required,"Dispatch readiness distinguishes document validity, movement requirements and vehicle details; an extension or update records applicable eligibility.",GST-05;ADD-049,,retained,"Verify current official applicability and source-specific rules when implementing; portal activity mode, technology, architecture and delivery priority are deferred. Detailed workflow: ../marg/gst-outward-workflows.md.",proposed_not_implemented,Vendor observations and original ERP proposals are separate; source IDs resolve through coverage-map.csv and byteception-comparison.csv.,"Webapp; local development; multiple companies/GSTINs/branches; staff prepare and accountant/CA review. Portal mode, stack, architecture and priorities deferred."
TAX-06,GST,Purchase evidence inbox,"PDF/photo/spreadsheet/manual capture, field provenance, party/item mapping, PO/receipt/service evidence, duplicate controls and quantity/rate/tax variances.",Business staff prepare; accountant/CA reviews; authorized signatory acts where required,Extracted fields remain linked to source evidence; a duplicate expense/purchase cannot be posted a second time merely through another intake channel.,GST-06,BYTE-CAP-012;BCP-018;BCP-021,deepened,"Verify current official applicability and source-specific rules when implementing; portal activity mode, technology, architecture and delivery priority are deferred. Detailed workflow: ../marg/gst-inward-workflows.md.",proposed_not_implemented,Vendor observations and original ERP proposals are separate; source IDs resolve through coverage-map.csv and byteception-comparison.csv.,"Webapp; local development; multiple companies/GSTINs/branches; staff prepare and accountant/CA review. Portal mode, stack, architecture and priorities deferred."
TAX-07,GST,Reconciliation,"Books versus 2B/IMS, sales versus IRP/GSTR-1, amendments, prior periods, credit notes and imported documents. Explain proposed matches and isolate unexplained differences.",Business staff prepare; accountant/CA reviews; authorized signatory acts where required,A changed statement or invoice produces an explainable new comparison and preserves the previous run and affected approvals.,GST-07;ADD-051,BCP-013,deepened,"Verify current official applicability and source-specific rules when implementing; portal activity mode, technology, architecture and delivery priority are deferred. Detailed workflow: ../marg/gst-inward-workflows.md.",proposed_not_implemented,Vendor observations and original ERP proposals are separate; source IDs resolve through coverage-map.csv and byteception-comparison.csv.,"Webapp; local development; multiple companies/GSTINs/branches; staff prepare and accountant/CA review. Portal mode, stack, architecture and priorities deferred."
TAX-08,GST,ITC review,Eligibility at line/amount level; evidence requirements; blocked/common/nonbusiness credit; receipt/payment conditions; claim history; reversals/reclaims; deadline exposure.,Business staff prepare; accountant/CA reviews; authorized signatory acts where required,"A matched purchase can remain ineligible; the same credit amount has traceable claim, reversal and reclaim history without double claiming.",GST-08,BCP-018,deepened,"Verify current official applicability and source-specific rules when implementing; portal activity mode, technology, architecture and delivery priority are deferred. Detailed workflow: ../marg/gst-inward-workflows.md.",proposed_not_implemented,Vendor observations and original ERP proposals are separate; source IDs resolve through coverage-map.csv and byteception-comparison.csv.,"Webapp; local development; multiple companies/GSTINs/branches; staff prepare and accountant/CA review. Portal mode, stack, architecture and priorities deferred."
TAX-09,GST,IMS decisions,"Allowed actions per record/period, consequence preview, no-action exposure, pending deadlines, remarks, actual reversal amounts and acknowledgement/recomputation checks.",Business staff prepare; accountant/CA reviews; authorized signatory acts where required,An action preview shows permitted choices and consequences for this record/period; task completion alone cannot assert portal acknowledgement.,GST-09;ADD-056,,retained,"Verify current official applicability and source-specific rules when implementing; portal activity mode, technology, architecture and delivery priority are deferred. Detailed workflow: ../marg/gst-inward-workflows.md.",proposed_not_implemented,Vendor observations and original ERP proposals are separate; source IDs resolve through coverage-map.csv and byteception-comparison.csv.,"Webapp; local development; multiple companies/GSTINs/branches; staff prepare and accountant/CA review. Portal mode, stack, architecture and priorities deferred."
TAX-10,GST,Supplier/customer resolution,"Dispute bundles, follow-up drafts, evidence exchange, owner assignment and reminders. Commercial payment decisions remain separate from a GST mismatch.",Business staff prepare; accountant/CA reviews; authorized signatory acts where required,A proposed supplier/customer follow-up includes the disputed documents and considers allocated or suspected payments; GST mismatch does not automatically block commercial payment.,GST-10,,retained,"Verify current official applicability and source-specific rules when implementing; portal activity mode, technology, architecture and delivery priority are deferred. Detailed workflow: ../marg/gst-inward-workflows.md.",proposed_not_implemented,Vendor observations and original ERP proposals are separate; source IDs resolve through coverage-map.csv and byteception-comparison.csv.,"Webapp; local development; multiple companies/GSTINs/branches; staff prepare and accountant/CA review. Portal mode, stack, architecture and priorities deferred."
TAX-11,GST,"Returns, claims and notes",Original-invoice-linked returns; expiry/breakage/destruction; replacements; discounts; commercial notes versus GST adjustments; tax and stock effects reviewed separately.,Business staff prepare; accountant/CA reviews; authorized signatory acts where required,"An expiry return after a rate change links original invoice, batch, commercial note and reviewed tax treatment separately.",GST-11,,retained,"Verify current official applicability and source-specific rules when implementing; portal activity mode, technology, architecture and delivery priority are deferred. Detailed workflow: ../marg/gst-outward-workflows.md.",proposed_not_implemented,Vendor observations and original ERP proposals are separate; source IDs resolve through coverage-map.csv and byteception-comparison.csv.,"Webapp; local development; multiple companies/GSTINs/branches; staff prepare and accountant/CA review. Portal mode, stack, architecture and priorities deferred."
TAX-12,GST,RCM and adjustments,"Classified obligations, self-documentation where applicable, tax liability/payment evidence and separately reviewed ITC. Explain applicability rather than treating every unregistered purchase as RCM.",Business staff prepare; accountant/CA reviews; authorized signatory acts where required,An unregistered purchase is not automatically treated as RCM; applicable liability and any separately reviewed credit carry evidence.,GST-12,,retained,"Verify current official applicability and source-specific rules when implementing; portal activity mode, technology, architecture and delivery priority are deferred. Detailed workflow: ../marg/gst-special-cases.md.",proposed_not_implemented,Vendor observations and original ERP proposals are separate; source IDs resolve through coverage-map.csv and byteception-comparison.csv.,"Webapp; local development; multiple companies/GSTINs/branches; staff prepare and accountant/CA review. Portal mode, stack, architecture and priorities deferred."
TAX-13,GST,Filing workspace,"Period checklist, GSTR-1/IFF/1A and 3B preparation, other applicable forms, variance bridge, approvals, export/upload/signing status, official acknowledgements and locked filed snapshots.",Business staff prepare; accountant/CA reviews; authorized signatory acts where required,"Changing an approved return pack requires affected re-review; generated, uploaded, signed and officially filed states remain distinct.",GST-13;MARG-045;ADD-050;ADD-052;ADD-053;ADD-056,BCP-013,deepened,"Verify current official applicability and source-specific rules when implementing; portal activity mode, technology, architecture and delivery priority are deferred. Detailed workflow: ../marg/gst-outward-workflows.md.",proposed_not_implemented,Vendor observations and original ERP proposals are separate; source IDs resolve through coverage-map.csv and byteception-comparison.csv.,"Webapp; local development; multiple companies/GSTINs/branches; staff prepare and accountant/CA review. Portal mode, stack, architecture and priorities deferred."
TAX-14,GST,Liability and payment view,"Estimated versus approved liabilities, credit/cash ledger evidence, allocation, payment references, interest/late-fee review and period-specific obligations. Bank payment is not automatically proof of return filing.",Business staff prepare; accountant/CA reviews; authorized signatory acts where required,"Estimated liability, approved liability, payment and official ledger evidence are distinct; a bank receipt never automatically marks a return filed.",GST-14,BYTE-CAP-009;BCP-019,deepened,"Verify current official applicability and source-specific rules when implementing; portal activity mode, technology, architecture and delivery priority are deferred. Detailed workflow: ../marg/gst-special-cases.md.",proposed_not_implemented,Vendor observations and original ERP proposals are separate; source IDs resolve through coverage-map.csv and byteception-comparison.csv.,"Webapp; local development; multiple companies/GSTINs/branches; staff prepare and accountant/CA review. Portal mode, stack, architecture and priorities deferred."
TAX-15,GST,Multi-GSTIN operations,"Create/select legal companies, GST registrations and branches; maintain independent company books and scoped management views. Same-registration movement, distinct-person supply and ISD workflows remain separate. Pair sending/receiving records and reconcile interbranch discrepancies without concealing them in group totals.",Business staff prepare; accountant/CA reviews; authorized signatory acts where required,"A same-GSTIN transfer, distinct-person supply and ISD allocation produce distinct reviewed records; independent company books and GSTIN records remain traceable in group totals.",GST-15;ADD-054;ADD-061;ADD-062,BYTE-CAP-003;BCP-004,retained,"Verify current official applicability and source-specific rules when implementing; portal activity mode, technology, architecture and delivery priority are deferred. Detailed workflow: ../marg/gst-special-cases.md. Company, branch, warehouse and GSTIN are distinct; company books and statutory records remain independent.",proposed_not_implemented,Vendor observations and original ERP proposals are separate; source IDs resolve through coverage-map.csv and byteception-comparison.csv.,"Webapp; local development; multiple companies/GSTINs/branches; staff prepare and accountant/CA review. Portal mode, stack, architecture and priorities deferred."
TAX-16,GST,"Imports, exports and SEZ","BoE/customs evidence, import credit matching, export/SEZ applicability, LUT/bond evidence where relevant and refund dossier/status. Domestic matching rules cannot be blindly reused.",Business staff prepare; accountant/CA reviews; authorized signatory acts where required,Import/export/SEZ treatment uses relevant customs/export evidence; domestic purchase matching cannot silently decide imported-credit eligibility.,GST-16,,retained,"Verify current official applicability and source-specific rules when implementing; portal activity mode, technology, architecture and delivery priority are deferred. Detailed workflow: ../marg/gst-special-cases.md.",proposed_not_implemented,Vendor observations and original ERP proposals are separate; source IDs resolve through coverage-map.csv and byteception-comparison.csv.,"Webapp; local development; multiple companies/GSTINs/branches; staff prepare and accountant/CA review. Portal mode, stack, architecture and priorities deferred."
TAX-17,GST,Special taxpayer regimes,"Composition, QRMP and relevant TDS/TCS/ISD cases with registration-specific forms, rights and calculations. Keep GST deductions distinct from income-tax deductions.",Business staff prepare; accountant/CA reviews; authorized signatory acts where required,An obligation is selected for its registration and effective regime; GST TDS/TCS never collapses into income-tax deduction handling.,GST-17,,retained,"Verify current official applicability and source-specific rules when implementing; portal activity mode, technology, architecture and delivery priority are deferred. Detailed workflow: ../marg/gst-special-cases.md.",proposed_not_implemented,Vendor observations and original ERP proposals are separate; source IDs resolve through coverage-map.csv and byteception-comparison.csv.,"Webapp; local development; multiple companies/GSTINs/branches; staff prepare and accountant/CA review. Portal mode, stack, architecture and priorities deferred."
TAX-18,GST,Annual compliance and migration,"GSTR-9/9C where applicable, financial-year versus return-period reconciliation, historic claims/reversals, migration control totals and unresolved opening cases.",Business staff prepare; accountant/CA reviews; authorized signatory acts where required,"Migration control totals reconcile stock, accounts and historical credit cases; annual reconciliations expose period differences rather than erasing them.",GST-18;ADD-054,,retained,"Verify current official applicability and source-specific rules when implementing; portal activity mode, technology, architecture and delivery priority are deferred. Detailed workflow: ../marg/gst-special-cases.md.",proposed_not_implemented,Vendor observations and original ERP proposals are separate; source IDs resolve through coverage-map.csv and byteception-comparison.csv.,"Webapp; local development; multiple companies/GSTINs/branches; staff prepare and accountant/CA review. Portal mode, stack, architecture and priorities deferred."
TAX-19,GST,Notices and evidence,"Notice intake, response dates, issue-to-transaction links, evidence bundles, response versions and authorized submission/acknowledgement. No fabricated legal response or automatic admission.",Business staff prepare; accountant/CA reviews; authorized signatory acts where required,A notice case links issues to evidence and versioned response drafts; only authorized submissions can receive official acknowledgement status.,GST-19,,retained,"Verify current official applicability and source-specific rules when implementing; portal activity mode, technology, architecture and delivery priority are deferred. Detailed workflow: ../marg/gst-special-cases.md.",proposed_not_implemented,Vendor observations and original ERP proposals are separate; source IDs resolve through coverage-map.csv and byteception-comparison.csv.,"Webapp; local development; multiple companies/GSTINs/branches; staff prepare and accountant/CA review. Portal mode, stack, architecture and priorities deferred."
TAX-20,GST,Compliance change workbench,"Source/effective-date/supersession tracking, rate/MRP transition previews, impact assessment, reviewer sign-off and period-specific audit evidence.",Business staff prepare; accountant/CA reviews; authorized signatory acts where required,"A rate/policy revision previews open documents and representative historical cases, records accountant sign-off and leaves historical calculations intact.",GST-20;ADD-055,BCP-012,deepened,"Verify current official applicability and source-specific rules when implementing; portal activity mode, technology, architecture and delivery priority are deferred. Detailed workflow: ../marg/gst-outward-workflows.md.",proposed_not_implemented,Vendor observations and original ERP proposals are separate; source IDs resolve through coverage-map.csv and byteception-comparison.csv.,"Webapp; local development; multiple companies/GSTINs/branches; staff prepare and accountant/CA review. Portal mode, stack, architecture and priorities deferred."
TAX-21,GST,Common credit and capital goods,"Attribute exclusive/common use, document allocation bases, prepare periodic reversal and applicable annual adjustment, track capital-goods history and preserve reviewer-approved calculations.",Business staff prepare; accountant/CA reviews; authorized signatory acts where required,"Common-credit allocations and capital-goods adjustments show basis, periods, asset use and approved workings.",GST-21,,retained,"Verify current official applicability and source-specific rules when implementing; portal activity mode, technology, architecture and delivery priority are deferred. Detailed workflow: ../marg/gst-inward-workflows.md.",proposed_not_implemented,Vendor observations and original ERP proposals are separate; source IDs resolve through coverage-map.csv and byteception-comparison.csv.,"Webapp; local development; multiple companies/GSTINs/branches; staff prepare and accountant/CA review. Portal mode, stack, architecture and priorities deferred."
TAX-22,GST,Job work,"Principal/job-worker roles, challans, goods sent and partially returned, direct dispatch, scrap/waste, applicable statutory clocks and reporting, and overdue-case assessment.",Business staff prepare; accountant/CA reviews; authorized signatory acts where required,"Partial job-work returns preserve principal-owned quantities, challans, remaining deadlines and separate scrap/direct-dispatch treatment.",GST-22,,retained,"Verify current official applicability and source-specific rules when implementing; portal activity mode, technology, architecture and delivery priority are deferred. Detailed workflow: ../marg/gst-special-cases.md.",proposed_not_implemented,Vendor observations and original ERP proposals are separate; source IDs resolve through coverage-map.csv and byteception-comparison.csv.,"Webapp; local development; multiple companies/GSTINs/branches; staff prepare and accountant/CA review. Portal mode, stack, architecture and priorities deferred."
TAX-23,GST,Advances and adjustments,"Receipt/payment evidence, receipt/refund vouchers where applicable, goods/services tax assessment, allocation to invoices, cancellation/refund, unadjusted balances and period reporting.",Business staff prepare; accountant/CA reviews; authorized signatory acts where required,"Advance allocation connects receipt/payment, invoice and refund without double recognition and retains reviewed goods/services tax treatment.",GST-23,,retained,"Verify current official applicability and source-specific rules when implementing; portal activity mode, technology, architecture and delivery priority are deferred. Detailed workflow: ../marg/gst-outward-workflows.md.",proposed_not_implemented,Vendor observations and original ERP proposals are separate; source IDs resolve through coverage-map.csv and byteception-comparison.csv.,"Webapp; local development; multiple companies/GSTINs/branches; staff prepare and accountant/CA review. Portal mode, stack, architecture and priorities deferred."
TAX-24,GST,CA engagement and review,"Explicit client/company/GSTIN access, assigned preparations, versioned review packs, reviewer reassignment, approval independence policy, client handover and access revocation.",Business staff prepare; accountant/CA reviews; authorized signatory acts where required,"A CA sees only authorized client/GSTIN/period work, receives a versioned review pack and loses access on revocation while handover evidence remains available.",GST-24;ADD-063,BYTE-CAP-003;BYTE-CAP-009;BCP-008,deepened,"Verify current official applicability and source-specific rules when implementing; portal activity mode, technology, architecture and delivery priority are deferred. Detailed workflow: ../marg/product-and-gst-workflow-map.md.",proposed_not_implemented,Vendor observations and original ERP proposals are separate; source IDs resolve through coverage-map.csv and byteception-comparison.csv.,"Webapp; local development; multiple companies/GSTINs/branches; staff prepare and accountant/CA review. Portal mode, stack, architecture and priorities deferred."
WORK-01,Shared webapp workflows,Identity and account lifecycle,"Invite a user into explicit business scopes; enroll permitted authentication, recover access, inspect/revoke sessions and offboard the account.",Administrator; user,Revoking a user or session prevents further protected actions; recovery cannot expand company or reviewer rights.,MARG-039;MARG-093;ADD-061;ADD-063;GST-24,BYTE-CAP-001;BYTE-CAP-002,new_explicit_requirement,Identity provider and any external SSO/link delivery remain unselected; local development does not select an identity vendor. Shared domain records: ERP-023.,proposed_not_implemented,Vendor observations and original ERP proposals are separate; source IDs resolve through coverage-map.csv and byteception-comparison.csv.,"Webapp; local development; multiple companies/GSTINs/branches; staff prepare and accountant/CA review. Portal mode, stack, architecture and priorities deferred."
WORK-02,Shared webapp workflows,"Task templates, recurrence and obligations","Create period-specific work from approved task/checklist templates; assign preparer/reviewer, dependencies and internal targets; attach a statutory due date and its source basis only where applicable; manage reassignment, recurrence and reopening.",Coordinator; staff; accountant/CA,One active obligation creates one period task; overlapping engagements are flagged; closing requires evidence and no duplicate tasks arise on rerun.,MARG-088;GST-01;GST-08;GST-10;GST-13;GST-18;GST-19;GST-20;GST-24,BYTE-CAP-014;BCP-002;BCP-003;BCP-005;BCP-006,deepened,"Statutory deadlines require verified current sources and apply only to relevant obligations; internal review/evidence tasks may have only an internal target. Reminders and task completion remain separate from legal deadlines and filing status. Shared domain records: ERP-024, ERP-028.",proposed_not_implemented,Vendor observations and original ERP proposals are separate; source IDs resolve through coverage-map.csv and byteception-comparison.csv.,"Webapp; local development; multiple companies/GSTINs/branches; staff prepare and accountant/CA review. Portal mode, stack, architecture and priorities deferred."
WORK-03,Shared webapp workflows,Notification and action inbox,"Group notifications by document/case and scope; show owner, amount, due date, blocker and permitted action; acknowledge, snooze or escalate under an approved policy.",All assigned staff; supervisors,Ten changes on one case form a coherent thread; acknowledgement does not approve the transaction or complete the obligation.,MARG-068;MARG-078;MARG-088;GST-10;GST-13;GST-19;GST-24,BYTE-CAP-004;BCP-010,deepened,Browser inbox is in scope; external delivery channels and integrations are a later decision. Shared domain records: ERP-028.,proposed_not_implemented,Vendor observations and original ERP proposals are separate; source IDs resolve through coverage-map.csv and byteception-comparison.csv.,"Webapp; local development; multiple companies/GSTINs/branches; staff prepare and accountant/CA review. Portal mode, stack, architecture and priorities deferred."
WORK-04,Shared webapp workflows,Concurrent work and stale-session recovery,"Show preparation/review activity, surface new changes, compare conflicting edits and recheck document version before posting or approval.",Business staff; accountant/CA,A stale browser cannot silently overwrite a newer review or post an obsolete approval; user sees changed fields and permitted reload/merge choices.,MARG-042;MARG-077;ADD-063;GST-10;GST-13;GST-24,BYTE-CAP-005;BCP-023,new_explicit_requirement,"Collaboration behaviour is a requirement, not a selected realtime technology or a guarantee of conflict-free distributed operation. Shared domain records: ERP-024.",proposed_not_implemented,Vendor observations and original ERP proposals are separate; source IDs resolve through coverage-map.csv and byteception-comparison.csv.,"Webapp; local development; multiple companies/GSTINs/branches; staff prepare and accountant/CA review. Portal mode, stack, architecture and priorities deferred."
WORK-05,Shared webapp workflows,Evidence library and portable dossiers,"Store each source file with business scope, period, provenance and version; link it to records/cases; detect duplicates and missing evidence; search and export authorized dossiers.",Staff; reviewer; records administrator,Replacing a file creates a version; a historical approval still opens the precise evidence version reviewed; an export reveals no unauthorized company files.,MARG-069;MARG-076;MARG-083;ADD-013;ADD-015;GST-06;GST-16;GST-19;GST-24;GST-13,BYTE-CAP-008;BCP-014,deepened,"Storage and retention policies need business/legal validation; exported PDFs do not imply independent certification. Shared domain records: ERP-025, ERP-031, ERP-032.",proposed_not_implemented,Vendor observations and original ERP proposals are separate; source IDs resolve through coverage-map.csv and byteception-comparison.csv.,"Webapp; local development; multiple companies/GSTINs/branches; staff prepare and accountant/CA review. Portal mode, stack, architecture and priorities deferred."
WORK-06,Shared webapp workflows,"Document drafts, templates and consent records","Draft supplier letters, review queries, management declarations, engagement scopes and notice working responses; compare versions, review exports and preserve signed/accepted copies and consent.",Staff; accountant/CA; authorized business representative,A signed/accepted copy refers to one immutable draft version and scope; editing produces a new draft and requires renewed acceptance where relevant.,MARG-041;MARG-049;GST-10;GST-16;GST-19;GST-24,BYTE-CAP-007;BCP-001,new_explicit_requirement,"Document acceptance, ordinary signatures, internal approval and statutory GST signing are distinct; signing legality/provider and filing connectivity remain unselected. Shared domain records: ERP-025.",proposed_not_implemented,Vendor observations and original ERP proposals are separate; source IDs resolve through coverage-map.csv and byteception-comparison.csv.,"Webapp; local development; multiple companies/GSTINs/branches; staff prepare and accountant/CA review. Portal mode, stack, architecture and priorities deferred."
WORK-07,Shared webapp workflows,CA engagement scope and assignment,"Agree services, client companies/GSTINs, periods, preparers and reviewer rights; turn accepted engagement scope into applicable work and create a controlled handover on closure.",Business owner; CA engagement lead; coordinator,An amended engagement cannot inherit acceptance for a different company or period; overlapping work and revocation are visible.,GST-24;GST-13;GST-01;ADD-061;ADD-062;ADD-063,BCP-001;BCP-002;BCP-004;BCP-008,deepened,"Optional supporting workflow for external-CA relationships; internal accountant use does not require a commercial engagement. Acceptance does not grant government filing authority. Shared domain records: ERP-023, ERP-024.",proposed_not_implemented,Vendor observations and original ERP proposals are separate; source IDs resolve through coverage-map.csv and byteception-comparison.csv.,"Webapp; local development; multiple companies/GSTINs/branches; staff prepare and accountant/CA review. Portal mode, stack, architecture and priorities deferred."
WORK-08,Shared webapp workflows,Shared client view and audience-aware discussion,Offer business-visible status and evidence requests alongside separate internal accountant notes; preserve discussion context and revoke client access with a handover pack.,Business staff; owner; CA team,"An internal review comment is absent from client views/exports unless deliberately shared; each request links its client, period and missing evidence.",GST-24;ADD-063;GST-10;MARG-068;MARG-093;ADD-061;ADD-062;GST-01;GST-15,BCP-008;BCP-010;BYTE-CAP-003,deepened,"Client collaboration is within the webapp; outbound messaging remains separately authorized and no corporate-secretarial product scope is implied. Shared domain records: ERP-023, ERP-024.",proposed_not_implemented,Vendor observations and original ERP proposals are separate; source IDs resolve through coverage-map.csv and byteception-comparison.csv.,"Webapp; local development; multiple companies/GSTINs/branches; staff prepare and accountant/CA review. Portal mode, stack, architecture and priorities deferred."
WORK-09,Shared webapp workflows,"Expenses, paid-by evidence and reimbursements","Record invoice owner, company GSTIN, supplier, purpose/cost centre, paid-by party and payment proof; review staff claims, advances and reimbursements with purchase/ITC evidence.",Employee/claimant; staff; expense reviewer; accountant,One bill uploaded by both employee and purchasing links to one expense; company payment and employee reimbursement cannot both settle the same payable unnoticed.,MARG-030;MARG-034;MARG-047;GST-14;GST-06;GST-08;ADD-043;MARG-068;GST-10,BCP-017;BCP-018;BCP-020;BCP-021;BCP-022,new_explicit_requirement,"Paid-by is distinct from invoice recipient; employee reimbursement does not automatically create eligible ITC. Foreign currency and overseas suppliers require contextual review. Shared domain records: ERP-017, ERP-018, ERP-019, ERP-022, ERP-047.",proposed_not_implemented,Vendor observations and original ERP proposals are separate; source IDs resolve through coverage-map.csv and byteception-comparison.csv.,"Webapp; local development; multiple companies/GSTINs/branches; staff prepare and accountant/CA review. Portal mode, stack, architecture and priorities deferred."
WORK-10,Shared webapp workflows,Governed assistance and reviewable runs,"Show extraction provenance/confidence; suggest mappings, match candidates and drafts; expose each step, evidence, changed assumptions, failures and handoff before consequential actions.",Staff; accountant/CA,"A preparation run stops for missing facts or changed scope and hands off unresolved decisions; it cannot autonomously elect tax treatment, sign, file or send messages.",MARG-076;ADD-013;ADD-015;GST-03;GST-06;GST-07;GST-10;GST-19;MARG-042;ADD-063;GST-13;GST-24;MARG-068,BYTE-CAP-012;BYTE-CAP-013;BCP-021,deepened,"No AI model/provider or portal connectivity is selected. Decisions require explainable rules and meaningful human review; suggestions are not statutory authority. Shared domain records: ERP-032, ERP-024.",proposed_not_implemented,Vendor observations and original ERP proposals are separate; source IDs resolve through coverage-map.csv and byteception-comparison.csv.,"Webapp; local development; multiple companies/GSTINs/branches; staff prepare and accountant/CA review. Portal mode, stack, architecture and priorities deferred."
WORK-11,Shared webapp workflows,"Saved work queues, imports and controlled bulk actions","Save authorized filters; preview selected/blocked records, mappings, duplicates and control totals; perform permitted imports or bulk work with per-row outcomes and correction files.",Operations staff; import operator; accountant/CA,"A bulk action previews its exact scope, skips protected rows with reasons and cannot approve hidden cases; retries identify existing accepted rows.",MARG-014;MARG-046;MARG-067;ADD-013;ADD-048;GST-03;GST-07;GST-13;MARG-068;MARG-070;MARG-090;MARG-091;ADD-014;ADD-044;ADD-045;GST-06;GST-24;MARG-040;GST-18,BYTE-CAP-010;BYTE-CAP-011;BCP-007;BCP-011,deepened,"Supported input schemas and business examples require validation; scale targets and integration contracts remain later decisions. Shared domain records: ERP-009, ERP-021, ERP-032.",proposed_not_implemented,Vendor observations and original ERP proposals are separate; source IDs resolve through coverage-map.csv and byteception-comparison.csv.,"Webapp; local development; multiple companies/GSTINs/branches; staff prepare and accountant/CA review. Portal mode, stack, architecture and priorities deferred."
WORK-12,Shared webapp workflows,"Review scenarios, reruns and audit evidence","Maintain representative business scenarios for tax/rate changes; compare before/after results, rerun reconciliation/review with diffs, preserve evidence and show recurring causes/backlog.",Accountant/CA; compliance reviewer; owner,A changed rule or statement shows affected cases and approvals; the previous run and filed snapshot remain intact and operational indicators have explicit definitions.,MARG-040;MARG-077;ADD-058;GST-13;GST-20;GST-24;GST-19;GST-07,BYTE-CAP-006;BCP-009;BCP-012;BCP-013;BCP-015,deepened,"These are business review scenarios and evidence, not a new mortgage-testing product or a statutory assurance claim. Shared domain records: ERP-024, ERP-021.",proposed_not_implemented,Vendor observations and original ERP proposals are separate; source IDs resolve through coverage-map.csv and byteception-comparison.csv.,"Webapp; local development; multiple companies/GSTINs/branches; staff prepare and accountant/CA review. Portal mode, stack, architecture and priorities deferred."
WORK-13,Shared webapp workflows,Configurable review and escalation policies,"Version approved owner/reviewer assignments, thresholds, evidence requirements, escalation and exception reasons; preview affected open work before activating the policy.",Business owner; accountant/CA; administrator,A revised policy shows affected unfinished work; it cannot remove mandatory controls or retroactively rewrite completed approvals.,MARG-004;MARG-009;MARG-028;MARG-029;MARG-042;MARG-078;GST-10;GST-13;GST-24;MARG-039;MARG-093;ADD-061;ADD-063,BYTE-CAP-015;BYTE-CAP-001,deepened,"Workflow configuration is bounded to approved business policies; arbitrary scripting and a general low-code platform are not implied. Shared domain records: ERP-016, ERP-023, ERP-024.",proposed_not_implemented,Vendor observations and original ERP proposals are separate; source IDs resolve through coverage-map.csv and byteception-comparison.csv.,"Webapp; local development; multiple companies/GSTINs/branches; staff prepare and accountant/CA review. Portal mode, stack, architecture and priorities deferred."
